Institution Name,Race/ethnicity,Statistic,2020,2019,2018,2017,2016,2015,2014,2013,2012,2011
Southwestern Illinois College,American Indian or Alaska Native ,Adjusted cohort,1,1,2,1,2,2,0,1,0,1
Southwestern Illinois College,,Completed within 150% of normal time,0,0,0,1,1,0,0,0,0,1
Southwestern Illinois College,Asian ,Adjusted cohort,8,4,6,2,7,10,2,5,6,11
Southwestern Illinois College,,Completed within 150% of normal time,2,1,1,0,2,4,0,0,3,5
Southwestern Illinois College,Black or African American ,Adjusted cohort,137,124,157,169,175,172,152,131,124,123
Southwestern Illinois College,,Completed within 150% of normal time,20,19,19,16,30,30,26,21,16,9
Southwestern Illinois College,Hispanic or Latino,Adjusted cohort,42,37,48,50,48,47,30,29,19,17
Southwestern Illinois College,,Completed within 150% of normal time,6,8,10,4,9,12,3,6,6,1
Southwestern Illinois College,Native Hawaiian or Other Pacific Islander ,Adjusted cohort,1,0,0,1,2,1,0,1,0,0
Southwestern Illinois College,,Completed within 150% of normal time,1,0,0,1,2,0,0,0,0,0
Southwestern Illinois College,White ,Adjusted cohort,551,616,624,703,726,754,518,559,604,656
Southwestern Illinois College,,Completed within 150% of normal time,183,193,225,239,230,226,152,175,172,167
Southwestern Illinois College,Two or more races ,Adjusted cohort,53,51,62,72,68,56,40,29,33,0
Southwestern Illinois College,,Completed within 150% of normal time,9,12,26,15,15,14,6,6,6,0
Southwestern Illinois College,Race/ethnicity unknown ,Adjusted cohort,33,40,28,32,48,76,27,34,26,0
Southwestern Illinois College,,Completed within 150% of normal time,8,9,9,8,10,20,6,7,5,0
Southwestern Illinois College,Nonresident alien ,Adjusted cohort,5,2,2,4,0,0,1,0,0,1
Southwestern Illinois College,,Completed within 150% of normal time,0,1,1,2,0,0,0,0,0,0
Black Hawk College,American Indian or Alaska Native ,Adjusted cohort,2,1,0,1,0,1,2,3,2,7
Black Hawk College,,Completed within 150% of normal time,0,0,0,1,0,0,0,1,0,5
Black Hawk College,Asian ,Adjusted cohort,3,3,2,3,1,1,6,4,1,9
Black Hawk College,,Completed within 150% of normal time,2,2,0,2,1,0,0,0,0,4
Black Hawk College,Black or African American ,Adjusted cohort,33,34,31,40,41,38,30,48,46,26
Black Hawk College,,Completed within 150% of normal time,4,4,3,2,1,4,1,3,0,2
Black Hawk College,Hispanic or Latino,Adjusted cohort,80,98,61,50,46,55,51,47,52,30
Black Hawk College,,Completed within 150% of normal time,27,28,17,13,7,6,4,10,11,4
Black Hawk College,Native Hawaiian or Other Pacific Islander ,Adjusted cohort,0,0,0,0,1,0,0,1,3,0
Black Hawk College,,Completed within 150% of normal time,0,0,0,0,0,0,0,0,1,0
Black Hawk College,White ,Adjusted cohort,378,470,391,249,322,362,335,438,374,396
Black Hawk College,,Completed within 150% of normal time,140,169,133,80,80,118,84,87,80,93
Black Hawk College,Two or more races ,Adjusted cohort,23,28,23,34,20,26,10,0,8,0
Black Hawk College,,Completed within 150% of normal time,6,3,6,3,4,2,2,0,0,0
Black Hawk College,Race/ethnicity unknown ,Adjusted cohort,1,10,2,3,3,4,6,0,0,19
Black Hawk College,,Completed within 150% of normal time,0,3,1,0,1,1,0,0,0,3
Black Hawk College,Nonresident alien ,Adjusted cohort,1,2,3,0,3,0,0,4,1,0
Black Hawk College,,Completed within 150% of normal time,1,1,0,0,1,0,0,1,0,0
Carl Sandburg College,American Indian or Alaska Native ,Adjusted cohort,0,0,0,1,1,4,1,1,0,0
Carl Sandburg College,,Completed within 150% of normal time,0,0,0,0,1,1,0,0,0,0
Carl Sandburg College,Asian ,Adjusted cohort,1,0,3,0,2,2,3,1,1,0
Carl Sandburg College,,Completed within 150% of normal time,0,0,1,0,2,0,1,0,0,0
Carl Sandburg College,Black or African American ,Adjusted cohort,24,22,19,28,23,31,18,28,27,14
Carl Sandburg College,,Completed within 150% of normal time,4,10,7,5,7,6,2,2,2,1
Carl Sandburg College,Hispanic or Latino,Adjusted cohort,28,25,24,23,34,30,27,23,9,14
Carl Sandburg College,,Completed within 150% of normal time,8,11,6,6,5,6,6,5,2,1
Carl Sandburg College,Native Hawaiian or Other Pacific Islander ,Adjusted cohort,2,0,0,1,0,0,0,0,2,0
Carl Sandburg College,,Completed within 150% of normal time,0,0,0,0,0,0,0,0,0,0
Carl Sandburg College,White ,Adjusted cohort,174,240,179,169,223,266,233,279,261,143
Carl Sandburg College,,Completed within 150% of normal time,77,107,68,60,83,75,56,80,74,23
Carl Sandburg College,Two or more races ,Adjusted cohort,22,19,7,9,7,9,26,19,0,0
Carl Sandburg College,,Completed within 150% of normal time,4,4,2,2,0,3,5,5,0,0
Carl Sandburg College,Race/ethnicity unknown ,Adjusted cohort,4,15,5,8,7,12,4,7,8,0
Carl Sandburg College,,Completed within 150% of normal time,0,4,0,0,2,3,2,0,0,0
Carl Sandburg College,Nonresident alien ,Adjusted cohort,0,0,0,0,0,0,0,0,0,0
Carl Sandburg College,,Completed within 150% of normal time,0,0,0,0,0,0,0,0,0,0
City Colleges of Chicago-Kennedy-King College,American Indian or Alaska Native ,Adjusted cohort,1,0,2,1,1,0,1,1,0,0
City Colleges of Chicago-Kennedy-King College,,Completed within 150% of normal time,1,0,1,1,0,0,1,0,0,0
City Colleges of Chicago-Kennedy-King College,Asian ,Adjusted cohort,4,2,1,2,2,8,7,12,56,10
City Colleges of Chicago-Kennedy-King College,,Completed within 150% of normal time,4,2,1,1,2,6,4,8,24,8
City Colleges of Chicago-Kennedy-King College,Black or African American ,Adjusted cohort,265,295,229,334,397,605,665,587,690,640
City Colleges of Chicago-Kennedy-King College,,Completed within 150% of normal time,50,50,41,47,79,96,87,79,106,83
City Colleges of Chicago-Kennedy-King College,Hispanic or Latino,Adjusted cohort,66,65,48,33,36,43,33,35,24,20
City Colleges of Chicago-Kennedy-King College,,Completed within 150% of normal time,30,32,16,11,15,16,14,13,6,6
City Colleges of Chicago-Kennedy-King College,Native Hawaiian or Other Pacific Islander ,Adjusted cohort,0,0,0,0,0,1,0,1,0,0
City Colleges of Chicago-Kennedy-King College,,Completed within 150% of normal time,0,0,0,0,0,1,0,1,0,0
City Colleges of Chicago-Kennedy-King College,White ,Adjusted cohort,11,12,13,5,10,65,41,61,11,64
City Colleges of Chicago-Kennedy-King College,,Completed within 150% of normal time,10,11,11,3,6,59,37,57,9,51
City Colleges of Chicago-Kennedy-King College,Two or more races ,Adjusted cohort,13,16,14,6,13,11,2,1,1,0
City Colleges of Chicago-Kennedy-King College,,Completed within 150% of normal time,3,2,0,3,3,1,0,1,0,0
City Colleges of Chicago-Kennedy-King College,Race/ethnicity unknown ,Adjusted cohort,1,2,2,8,13,12,47,35,44,0
City Colleges of Chicago-Kennedy-King College,,Completed within 150% of normal time,0,2,0,4,4,7,38,29,33,0
City Colleges of Chicago-Kennedy-King College,Nonresident alien ,Adjusted cohort,4,10,10,11,14,4,5,2,0,0
City Colleges of Chicago-Kennedy-King College,,Completed within 150% of normal time,4,8,10,10,12,4,5,2,0,0
City Colleges of Chicago-Malcolm X College,American Indian or Alaska Native ,Adjusted cohort,2,1,1,1,0,1,3,0,0,3
City Colleges of Chicago-Malcolm X College,,Completed within 150% of normal time,0,1,0,0,0,0,0,0,0,0
City Colleges of Chicago-Malcolm X College,Asian ,Adjusted cohort,9,5,8,3,5,4,11,8,27,8
City Colleges of Chicago-Malcolm X College,,Completed within 150% of normal time,2,1,3,0,0,0,5,2,1,2
City Colleges of Chicago-Malcolm X College,Black or African American ,Adjusted cohort,237,261,223,321,328,428,347,455,431,311
City Colleges of Chicago-Malcolm X College,,Completed within 150% of normal time,32,43,29,32,20,24,25,24,24,24
City Colleges of Chicago-Malcolm X College,Hispanic or Latino,Adjusted cohort,417,309,220,144,153,100,105,93,77,42
City Colleges of Chicago-Malcolm X College,,Completed within 150% of normal time,120,92,74,33,24,8,18,17,7,8
City Colleges of Chicago-Malcolm X College,Native Hawaiian or Other Pacific Islander ,Adjusted cohort,0,1,0,0,0,2,1,1,1,0
City Colleges of Chicago-Malcolm X College,,Completed within 150% of normal time,0,0,0,0,0,0,0,0,1,0
City Colleges of Chicago-Malcolm X College,White ,Adjusted cohort,18,6,7,10,10,13,9,18,15,12
City Colleges of Chicago-Malcolm X College,,Completed within 150% of normal time,7,1,4,2,1,4,1,6,3,3
City Colleges of Chicago-Malcolm X College,Two or more races ,Adjusted cohort,9,10,9,10,11,14,3,4,1,0
City Colleges of Chicago-Malcolm X College,,Completed within 150% of normal time,2,1,0,1,0,2,2,0,0,0
City Colleges of Chicago-Malcolm X College,Race/ethnicity unknown ,Adjusted cohort,0,2,9,16,14,14,8,2,11,0
City Colleges of Chicago-Malcolm X College,,Completed within 150% of normal time,0,0,3,7,0,0,1,0,2,0
City Colleges of Chicago-Malcolm X College,Nonresident alien ,Adjusted cohort,2,4,2,0,0,0,0,0,0,0
City Colleges of Chicago-Malcolm X College,,Completed within 150% of normal time,0,2,0,0,0,0,0,0,0,0
City Colleges of Chicago-Olive-Harvey College,American Indian or Alaska Native ,Adjusted cohort,0,1,0,0,0,0,0,1,0,2
City Colleges of Chicago-Olive-Harvey College,,Completed within 150% of normal time,0,0,0,0,0,0,0,0,0,0
City Colleges of Chicago-Olive-Harvey College,Asian ,Adjusted cohort,0,0,0,0,0,1,1,3,12,0
City Colleges of Chicago-Olive-Harvey College,,Completed within 150% of normal time,0,0,0,0,0,0,0,1,0,0
City Colleges of Chicago-Olive-Harvey College,Black or African American ,Adjusted cohort,150,95,108,142,266,292,340,386,385,244
City Colleges of Chicago-Olive-Harvey College,,Completed within 150% of normal time,35,17,25,17,31,27,30,27,25,14
City Colleges of Chicago-Olive-Harvey College,Hispanic or Latino,Adjusted cohort,38,28,34,27,31,26,37,43,18,28
City Colleges of Chicago-Olive-Harvey College,,Completed within 150% of normal time,10,9,9,9,10,8,7,10,2,4
City Colleges of Chicago-Olive-Harvey College,Native Hawaiian or Other Pacific Islander ,Adjusted cohort,0,0,0,0,0,0,0,0,0,0
City Colleges of Chicago-Olive-Harvey College,,Completed within 150% of normal time,0,0,0,0,0,0,0,0,0,0
City Colleges of Chicago-Olive-Harvey College,White ,Adjusted cohort,3,1,2,1,2,2,5,5,5,4
City Colleges of Chicago-Olive-Harvey College,,Completed within 150% of normal time,1,0,2,1,0,0,0,1,0,1
City Colleges of Chicago-Olive-Harvey College,Two or more races ,Adjusted cohort,5,4,7,4,5,5,6,0,1,0
City Colleges of Chicago-Olive-Harvey College,,Completed within 150% of normal time,1,0,0,1,0,0,0,0,0,0
City Colleges of Chicago-Olive-Harvey College,Race/ethnicity unknown ,Adjusted cohort,0,0,0,4,3,4,6,5,3,0
City Colleges of Chicago-Olive-Harvey College,,Completed within 150% of normal time,0,0,0,0,0,0,0,0,0,0
City Colleges of Chicago-Olive-Harvey College,Nonresident alien ,Adjusted cohort,1,1,0,1,0,0,0,0,0,0
City Colleges of Chicago-Olive-Harvey College,,Completed within 150% of normal time,0,1,0,0,0,0,0,0,0,0
City Colleges of Chicago-Harry S Truman College,American Indian or Alaska Native ,Adjusted cohort,0,0,0,1,0,1,1,3,1,1
City Colleges of Chicago-Harry S Truman College,,Completed within 150% of normal time,0,0,0,0,0,0,1,0,0,0
City Colleges of Chicago-Harry S Truman College,Asian ,Adjusted cohort,29,36,36,42,37,33,79,75,127,76
City Colleges of Chicago-Harry S Truman College,,Completed within 150% of normal time,10,13,10,12,13,7,18,16,12,8
City Colleges of Chicago-Harry S Truman College,Black or African American ,Adjusted cohort,103,137,124,158,166,250,384,371,296,183
City Colleges of Chicago-Harry S Truman College,,Completed within 150% of normal time,34,34,19,22,20,35,38,32,21,11
City Colleges of Chicago-Harry S Truman College,Hispanic or Latino,Adjusted cohort,181,169,121,119,120,161,197,202,178,169
City Colleges of Chicago-Harry S Truman College,,Completed within 150% of normal time,48,45,27,23,33,26,30,29,13,11
City Colleges of Chicago-Harry S Truman College,Native Hawaiian or Other Pacific Islander ,Adjusted cohort,0,0,0,1,0,2,2,3,3,0
City Colleges of Chicago-Harry S Truman College,,Completed within 150% of normal time,0,0,0,0,0,0,0,0,1,0
City Colleges of Chicago-Harry S Truman College,White ,Adjusted cohort,35,32,27,44,39,67,163,186,188,150
City Colleges of Chicago-Harry S Truman College,,Completed within 150% of normal time,8,10,9,9,6,17,28,24,19,18
City Colleges of Chicago-Harry S Truman College,Two or more races ,Adjusted cohort,12,9,13,8,11,18,6,5,0,0
City Colleges of Chicago-Harry S Truman College,,Completed within 150% of normal time,2,2,0,1,2,2,1,2,0,0
City Colleges of Chicago-Harry S Truman College,Race/ethnicity unknown ,Adjusted cohort,0,0,6,17,22,25,34,33,42,0
City Colleges of Chicago-Harry S Truman College,,Completed within 150% of normal time,0,0,0,0,3,5,9,1,6,0
City Colleges of Chicago-Harry S Truman College,Nonresident alien ,Adjusted cohort,5,9,17,20,10,2,1,1,0,0
City Colleges of Chicago-Harry S Truman College,,Completed within 150% of normal time,1,2,2,5,4,1,0,0,0,0
City Colleges of Chicago-Richard J Daley College,American Indian or Alaska Native ,Adjusted cohort,0,0,0,0,0,1,2,1,0,3
City Colleges of Chicago-Richard J Daley College,,Completed within 150% of normal time,0,0,0,0,0,0,0,0,0,0
City Colleges of Chicago-Richard J Daley College,Asian ,Adjusted cohort,1,3,0,2,3,2,6,3,27,3
City Colleges of Chicago-Richard J Daley College,,Completed within 150% of normal time,1,1,0,0,2,0,1,0,4,0
City Colleges of Chicago-Richard J Daley College,Black or African American ,Adjusted cohort,70,87,85,109,139,192,215,206,163,128
City Colleges of Chicago-Richard J Daley College,,Completed within 150% of normal time,14,10,23,17,11,12,14,8,8,4
City Colleges of Chicago-Richard J Daley College,Hispanic or Latino,Adjusted cohort,290,314,284,218,266,252,205,208,182,159
City Colleges of Chicago-Richard J Daley College,,Completed within 150% of normal time,71,75,75,35,64,51,31,26,26,25
City Colleges of Chicago-Richard J Daley College,Native Hawaiian or Other Pacific Islander ,Adjusted cohort,0,0,2,0,0,0,0,2,0,0
City Colleges of Chicago-Richard J Daley College,,Completed within 150% of normal time,0,0,1,0,0,0,0,0,0,0
City Colleges of Chicago-Richard J Daley College,White ,Adjusted cohort,61,40,61,51,34,43,36,41,37,108
City Colleges of Chicago-Richard J Daley College,,Completed within 150% of normal time,52,31,51,44,22,23,15,5,3,3
City Colleges of Chicago-Richard J Daley College,Two or more races ,Adjusted cohort,5,4,3,3,3,9,1,0,0,0
City Colleges of Chicago-Richard J Daley College,,Completed within 150% of normal time,0,0,0,0,0,3,0,0,0,0
City Colleges of Chicago-Richard J Daley College,Race/ethnicity unknown ,Adjusted cohort,0,0,6,14,17,14,6,12,5,0
City Colleges of Chicago-Richard J Daley College,,Completed within 150% of normal time,0,0,3,7,5,5,1,0,0,0
City Colleges of Chicago-Richard J Daley College,Nonresident alien ,Adjusted cohort,2,1,1,0,0,0,0,0,0,0
City Colleges of Chicago-Richard J Daley College,,Completed within 150% of normal time,0,0,0,0,0,0,0,0,0,0
City Colleges of Chicago-Harold Washington College,American Indian or Alaska Native ,Adjusted cohort,0,2,1,3,0,0,3,4,1,4
City Colleges of Chicago-Harold Washington College,,Completed within 150% of normal time,0,1,0,0,0,0,0,2,0,1
City Colleges of Chicago-Harold Washington College,Asian ,Adjusted cohort,67,79,76,65,60,90,118,93,201,116
City Colleges of Chicago-Harold Washington College,,Completed within 150% of normal time,13,7,16,21,11,18,17,10,18,5
City Colleges of Chicago-Harold Washington College,Black or African American ,Adjusted cohort,342,287,312,323,384,392,407,407,392,379
City Colleges of Chicago-Harold Washington College,,Completed within 150% of normal time,39,27,39,31,41,45,26,21,20,16
City Colleges of Chicago-Harold Washington College,Hispanic or Latino,Adjusted cohort,758,752,782,667,645,511,545,493,348,339
City Colleges of Chicago-Harold Washington College,,Completed within 150% of normal time,189,179,179,141,118,124,78,48,27,31
City Colleges of Chicago-Harold Washington College,Native Hawaiian or Other Pacific Islander ,Adjusted cohort,0,0,2,2,0,0,1,2,0,0
City Colleges of Chicago-Harold Washington College,,Completed within 150% of normal time,0,0,0,1,0,0,0,0,0,0
City Colleges of Chicago-Harold Washington College,White ,Adjusted cohort,48,50,70,58,57,73,155,126,128,165
City Colleges of Chicago-Harold Washington College,,Completed within 150% of normal time,20,11,14,8,16,13,20,18,11,9
City Colleges of Chicago-Harold Washington College,Two or more races ,Adjusted cohort,35,24,35,23,23,26,15,8,4,0
City Colleges of Chicago-Harold Washington College,,Completed within 150% of normal time,4,3,3,1,5,3,0,1,0,0
City Colleges of Chicago-Harold Washington College,Race/ethnicity unknown ,Adjusted cohort,0,1,29,32,36,51,26,28,17,0
City Colleges of Chicago-Harold Washington College,,Completed within 150% of normal time,0,0,6,7,7,10,3,1,1,0
City Colleges of Chicago-Harold Washington College,Nonresident alien ,Adjusted cohort,27,18,48,41,44,5,5,0,3,0
City Colleges of Chicago-Harold Washington College,,Completed within 150% of normal time,9,1,14,8,10,1,2,0,0,0
City Colleges of Chicago-Wilbur Wright College,American Indian or Alaska Native ,Adjusted cohort,0,1,3,0,0,3,2,8,3,12
City Colleges of Chicago-Wilbur Wright College,,Completed within 150% of normal time,0,0,1,0,0,1,0,2,0,0
City Colleges of Chicago-Wilbur Wright College,Asian ,Adjusted cohort,60,46,67,44,46,54,95,98,131,95
City Colleges of Chicago-Wilbur Wright College,,Completed within 150% of normal time,26,12,21,10,11,16,27,14,19,9
City Colleges of Chicago-Wilbur Wright College,Black or African American ,Adjusted cohort,66,61,60,108,94,134,190,158,137,118
City Colleges of Chicago-Wilbur Wright College,,Completed within 150% of normal time,11,4,6,18,4,6,11,7,4,11
City Colleges of Chicago-Wilbur Wright College,Hispanic or Latino,Adjusted cohort,632,569,512,608,543,590,595,549,555,501
City Colleges of Chicago-Wilbur Wright College,,Completed within 150% of normal time,138,138,136,89,68,74,65,68,53,56
City Colleges of Chicago-Wilbur Wright College,Native Hawaiian or Other Pacific Islander ,Adjusted cohort,2,4,3,4,0,2,5,6,4,0
City Colleges of Chicago-Wilbur Wright College,,Completed within 150% of normal time,1,1,0,0,0,1,0,2,1,0
City Colleges of Chicago-Wilbur Wright College,White ,Adjusted cohort,172,172,128,148,167,213,255,269,303,266
City Colleges of Chicago-Wilbur Wright College,,Completed within 150% of normal time,57,62,55,24,49,46,62,59,45,38
City Colleges of Chicago-Wilbur Wright College,Two or more races ,Adjusted cohort,37,18,21,13,10,12,3,2,5,0
City Colleges of Chicago-Wilbur Wright College,,Completed within 150% of normal time,10,4,3,4,3,2,1,0,1,0
City Colleges of Chicago-Wilbur Wright College,Race/ethnicity unknown ,Adjusted cohort,0,1,15,42,36,32,17,13,23,0
City Colleges of Chicago-Wilbur Wright College,,Completed within 150% of normal time,0,1,6,15,6,5,3,1,5,0
City Colleges of Chicago-Wilbur Wright College,Nonresident alien ,Adjusted cohort,16,15,15,13,10,2,1,1,0,0
City Colleges of Chicago-Wilbur Wright College,,Completed within 150% of normal time,5,5,3,3,1,1,0,0,0,0
Coyne College,American Indian or Alaska Native ,Adjusted cohort,1,2,0,0,2,3,2,1,1,0
Coyne College,,Completed within 150% of normal time,1,1,0,0,2,1,1,1,0,0
Coyne College,Asian ,Adjusted cohort,10,12,12,3,11,3,5,5,4,9
Coyne College,,Completed within 150% of normal time,10,9,6,3,9,1,4,5,4,8
Coyne College,Black or African American ,Adjusted cohort,226,220,244,210,291,472,493,505,627,426
Coyne College,,Completed within 150% of normal time,120,108,91,123,133,242,256,261,345,273
Coyne College,Hispanic or Latino,Adjusted cohort,183,160,158,189,177,165,205,193,236,215
Coyne College,,Completed within 150% of normal time,124,85,92,128,111,114,148,122,185,168
Coyne College,Native Hawaiian or Other Pacific Islander ,Adjusted cohort,1,1,1,1,3,1,0,1,1,0
Coyne College,,Completed within 150% of normal time,1,1,0,1,1,0,0,1,1,0
Coyne College,White ,Adjusted cohort,49,42,36,44,49,52,78,102,116,120
Coyne College,,Completed within 150% of normal time,36,32,21,30,32,43,66,63,85,88
Coyne College,Two or more races ,Adjusted cohort,17,9,24,13,16,12,17,22,11,0
Coyne College,,Completed within 150% of normal time,7,5,11,10,9,6,10,12,7,0
Coyne College,Race/ethnicity unknown ,Adjusted cohort,5,1,2,5,5,7,2,1,3,5
Coyne College,,Completed within 150% of normal time,3,1,2,2,3,3,2,0,1,5
Coyne College,Nonresident alien ,Adjusted cohort,0,0,0,0,0,0,4,8,10,0
Coyne College,,Completed within 150% of normal time,0,0,0,0,0,0,4,6,7,0
City Colleges of Chicago-District Office,American Indian or Alaska Native ,Adjusted cohort,-,-,-,-,-,-,-,-,-,-
City Colleges of Chicago-District Office,,Completed within 150% of normal time,-,-,-,-,-,-,-,-,-,-
City Colleges of Chicago-District Office,Asian ,Adjusted cohort,-,-,-,-,-,-,-,-,-,-
City Colleges of Chicago-District Office,,Completed within 150% of normal time,-,-,-,-,-,-,-,-,-,-
City Colleges of Chicago-District Office,Black or African American ,Adjusted cohort,-,-,-,-,-,-,-,-,-,-
City Colleges of Chicago-District Office,,Completed within 150% of normal time,-,-,-,-,-,-,-,-,-,-
City Colleges of Chicago-District Office,Hispanic or Latino,Adjusted cohort,-,-,-,-,-,-,-,-,-,-
City Colleges of Chicago-District Office,,Completed within 150% of normal time,-,-,-,-,-,-,-,-,-,-
City Colleges of Chicago-District Office,Native Hawaiian or Other Pacific Islander ,Adjusted cohort,-,-,-,-,-,-,-,-,-,-
City Colleges of Chicago-District Office,,Completed within 150% of normal time,-,-,-,-,-,-,-,-,-,-
City Colleges of Chicago-District Office,White ,Adjusted cohort,-,-,-,-,-,-,-,-,-,-
City Colleges of Chicago-District Office,,Completed within 150% of normal time,-,-,-,-,-,-,-,-,-,-
City Colleges of Chicago-District Office,Two or more races ,Adjusted cohort,-,-,-,-,-,-,-,-,-,-
City Colleges of Chicago-District Office,,Completed within 150% of normal time,-,-,-,-,-,-,-,-,-,-
City Colleges of Chicago-District Office,Race/ethnicity unknown ,Adjusted cohort,-,-,-,-,-,-,-,-,-,-
City Colleges of Chicago-District Office,,Completed within 150% of normal time,-,-,-,-,-,-,-,-,-,-
City Colleges of Chicago-District Office,Nonresident alien ,Adjusted cohort,-,-,-,-,-,-,-,-,-,-
City Colleges of Chicago-District Office,,Completed within 150% of normal time,-,-,-,-,-,-,-,-,-,-
Danville Area Community College,American Indian or Alaska Native ,Adjusted cohort,0,0,2,0,1,0,3,3,2,1
Danville Area Community College,,Completed within 150% of normal time,0,0,1,0,1,0,0,1,1,0
Danville Area Community College,Asian ,Adjusted cohort,1,6,4,2,4,2,7,1,8,0
Danville Area Community College,,Completed within 150% of normal time,1,2,2,1,3,0,5,1,1,0
Danville Area Community College,Black or African American ,Adjusted cohort,28,30,36,52,60,47,69,83,86,39
Danville Area Community College,,Completed within 150% of normal time,5,6,8,10,11,4,24,17,19,5
Danville Area Community College,Hispanic or Latino,Adjusted cohort,13,18,11,19,13,12,33,32,17,10
Danville Area Community College,,Completed within 150% of normal time,5,4,0,6,2,4,10,5,4,5
Danville Area Community College,Native Hawaiian or Other Pacific Islander ,Adjusted cohort,0,1,0,2,1,0,0,5,0,0
Danville Area Community College,,Completed within 150% of normal time,0,0,0,1,0,0,0,0,0,0
Danville Area Community College,White ,Adjusted cohort,229,261,235,271,306,307,476,478,403,179
Danville Area Community College,,Completed within 150% of normal time,106,123,104,101,115,123,194,149,124,47
Danville Area Community College,Two or more races ,Adjusted cohort,8,6,2,7,0,2,1,1,0,0
Danville Area Community College,,Completed within 150% of normal time,3,2,0,1,0,0,0,0,0,0
Danville Area Community College,Race/ethnicity unknown ,Adjusted cohort,20,19,27,22,38,24,26,64,73,12
Danville Area Community College,,Completed within 150% of normal time,8,10,11,7,14,6,10,19,31,5
Danville Area Community College,Nonresident alien ,Adjusted cohort,0,0,0,1,1,0,0,1,0,0
Danville Area Community College,,Completed within 150% of normal time,0,0,0,0,0,0,0,0,0,0
College of DuPage,American Indian or Alaska Native ,Adjusted cohort,2,3,5,0,7,3,2,6,9,8
College of DuPage,,Completed within 150% of normal time,0,1,0,0,3,0,0,0,0,0
College of DuPage,Asian ,Adjusted cohort,203,206,223,267,203,231,163,199,140,187
College of DuPage,,Completed within 150% of normal time,42,53,49,69,39,51,24,29,20,23
College of DuPage,Black or African American ,Adjusted cohort,161,148,155,237,231,319,212,256,215,215
College of DuPage,,Completed within 150% of normal time,16,15,16,27,13,20,8,11,10,14
College of DuPage,Hispanic or Latino,Adjusted cohort,532,437,500,531,479,522,524,277,176,271
College of DuPage,,Completed within 150% of normal time,97,95,99,96,88,64,61,35,24,17
College of DuPage,Native Hawaiian or Other Pacific Islander ,Adjusted cohort,1,2,4,5,9,8,5,10,0,0
College of DuPage,,Completed within 150% of normal time,0,1,0,1,1,2,2,0,0,0
College of DuPage,White ,Adjusted cohort,1045,949,1145,1368,1433,1495,1592,1525,1026,1424
College of DuPage,,Completed within 150% of normal time,260,272,282,350,392,341,329,275,153,182
College of DuPage,Two or more races ,Adjusted cohort,71,82,69,76,84,98,111,0,8,0
College of DuPage,,Completed within 150% of normal time,16,23,10,20,15,20,14,0,0,0
College of DuPage,Race/ethnicity unknown ,Adjusted cohort,12,9,38,51,40,66,54,77,440,13
College of DuPage,,Completed within 150% of normal time,3,5,10,9,12,11,10,22,65,0
College of DuPage,Nonresident alien ,Adjusted cohort,28,23,24,13,14,2,8,9,5,0
College of DuPage,,Completed within 150% of normal time,12,7,3,4,2,0,1,2,0,0
Elgin Community College,American Indian or Alaska Native ,Adjusted cohort,1,4,4,2,0,1,3,1,2,2
Elgin Community College,,Completed within 150% of normal time,0,2,1,0,0,0,0,0,0,0
Elgin Community College,Asian ,Adjusted cohort,55,52,56,49,52,52,46,53,46,44
Elgin Community College,,Completed within 150% of normal time,21,19,19,20,19,12,11,18,13,13
Elgin Community College,Black or African American ,Adjusted cohort,26,21,18,21,32,26,31,24,47,36
Elgin Community College,,Completed within 150% of normal time,6,6,1,4,7,5,3,1,10,5
Elgin Community College,Hispanic or Latino,Adjusted cohort,259,288,254,280,256,250,215,175,208,118
Elgin Community College,,Completed within 150% of normal time,115,84,82,106,88,67,60,48,61,33
Elgin Community College,Native Hawaiian or Other Pacific Islander ,Adjusted cohort,1,0,0,1,0,1,1,0,1,0
Elgin Community College,,Completed within 150% of normal time,1,0,0,0,0,0,0,0,0,0
Elgin Community College,White ,Adjusted cohort,425,456,471,420,499,502,505,594,590,514
Elgin Community College,,Completed within 150% of normal time,184,172,175,163,201,180,175,181,187,145
Elgin Community College,Two or more races ,Adjusted cohort,40,34,34,41,35,35,21,24,8,0
Elgin Community College,,Completed within 150% of normal time,13,12,6,11,9,11,4,4,3,0
Elgin Community College,Race/ethnicity unknown ,Adjusted cohort,19,27,17,24,23,13,34,25,32,0
Elgin Community College,,Completed within 150% of normal time,10,10,7,5,9,4,10,5,8,0
Elgin Community College,Nonresident alien ,Adjusted cohort,4,1,0,0,2,0,3,12,1,1
Elgin Community College,,Completed within 150% of normal time,1,0,0,0,1,0,0,4,0,0
Fox College,American Indian or Alaska Native ,Adjusted cohort,0,0,0,0,0,0,0,0,0,0
Fox College,,Completed within 150% of normal time,0,0,0,0,0,0,0,0,0,0
Fox College,Asian ,Adjusted cohort,1,1,1,0,0,2,0,1,1,0
Fox College,,Completed within 150% of normal time,0,0,1,0,0,0,0,1,1,0
Fox College,Black or African American ,Adjusted cohort,1,1,1,4,1,6,9,11,14,21
Fox College,,Completed within 150% of normal time,0,1,0,1,0,4,5,7,11,10
Fox College,Hispanic or Latino,Adjusted cohort,10,8,25,21,39,50,39,56,43,32
Fox College,,Completed within 150% of normal time,9,4,19,15,25,45,28,40,28,27
Fox College,Native Hawaiian or Other Pacific Islander ,Adjusted cohort,0,0,0,0,0,1,0,0,0,0
Fox College,,Completed within 150% of normal time,0,0,0,0,0,0,0,0,0,0
Fox College,White ,Adjusted cohort,11,9,7,13,13,18,20,24,16,33
Fox College,,Completed within 150% of normal time,9,6,6,11,8,15,15,20,13,29
Fox College,Two or more races ,Adjusted cohort,0,1,0,2,2,2,1,1,0,0
Fox College,,Completed within 150% of normal time,0,1,0,1,2,2,1,1,0,0
Fox College,Race/ethnicity unknown ,Adjusted cohort,0,0,0,0,0,0,0,0,2,2
Fox College,,Completed within 150% of normal time,0,0,0,0,0,0,0,0,2,2
Fox College,Nonresident alien ,Adjusted cohort,0,0,0,0,0,0,0,0,0,0
Fox College,,Completed within 150% of normal time,0,0,0,0,0,0,0,0,0,0
Highland Community College,American Indian or Alaska Native ,Adjusted cohort,1,5,8,6,6,11,5,6,4,1
Highland Community College,,Completed within 150% of normal time,0,2,2,1,1,1,1,2,1,0
Highland Community College,Asian ,Adjusted cohort,1,4,7,4,1,3,2,3,1,4
Highland Community College,,Completed within 150% of normal time,1,1,1,1,0,0,0,2,0,1
Highland Community College,Black or African American ,Adjusted cohort,17,41,25,31,33,41,39,35,28,34
Highland Community College,,Completed within 150% of normal time,1,3,3,4,5,1,1,7,2,4
Highland Community College,Hispanic or Latino,Adjusted cohort,5,7,10,9,13,4,4,9,10,7
Highland Community College,,Completed within 150% of normal time,0,2,4,2,3,0,1,2,0,1
Highland Community College,Native Hawaiian or Other Pacific Islander ,Adjusted cohort,0,0,0,0,0,1,1,0,0,0
Highland Community College,,Completed within 150% of normal time,0,0,0,0,0,0,0,0,0,0
Highland Community College,White ,Adjusted cohort,162,235,267,246,257,281,280,316,328,269
Highland Community College,,Completed within 150% of normal time,59,103,125,94,93,112,89,126,104,102
Highland Community College,Two or more races ,Adjusted cohort,4,10,15,14,17,14,11,21,10,0
Highland Community College,,Completed within 150% of normal time,1,0,5,1,1,4,3,5,1,0
Highland Community College,Race/ethnicity unknown ,Adjusted cohort,13,4,3,10,4,5,8,9,0,0
Highland Community College,,Completed within 150% of normal time,2,0,1,1,2,2,3,2,0,0
Highland Community College,Nonresident alien ,Adjusted cohort,3,1,2,0,0,0,0,0,0,0
Highland Community College,,Completed within 150% of normal time,3,1,0,0,0,0,0,0,0,0
Illinois Central College,American Indian or Alaska Native ,Adjusted cohort,2,4,2,4,4,0,2,6,4,3
Illinois Central College,,Completed within 150% of normal time,0,2,1,1,1,0,0,1,0,0
Illinois Central College,Asian ,Adjusted cohort,12,17,25,16,12,4,11,3,20,12
Illinois Central College,,Completed within 150% of normal time,6,5,6,7,7,1,5,1,4,1
Illinois Central College,Black or African American ,Adjusted cohort,93,80,80,81,0,172,122,134,135,121
Illinois Central College,,Completed within 150% of normal time,12,15,16,16,0,10,5,10,12,3
Illinois Central College,Hispanic or Latino,Adjusted cohort,184,49,25,46,33,42,38,41,38,35
Illinois Central College,,Completed within 150% of normal time,86,13,8,11,8,9,5,11,11,5
Illinois Central College,Native Hawaiian or Other Pacific Islander ,Adjusted cohort,2,1,1,2,3,0,0,1,0,0
Illinois Central College,,Completed within 150% of normal time,0,0,0,1,1,0,0,0,0,0
Illinois Central College,White ,Adjusted cohort,792,848,965,913,943,771,752,863,969,951
Illinois Central College,,Completed within 150% of normal time,325,353,406,362,326,249,214,219,211,277
Illinois Central College,Two or more races ,Adjusted cohort,37,21,34,32,16,22,31,35,33,0
Illinois Central College,,Completed within 150% of normal time,8,4,7,7,3,4,7,9,8,0
Illinois Central College,Race/ethnicity unknown ,Adjusted cohort,0,0,12,8,100,51,7,11,6,0
Illinois Central College,,Completed within 150% of normal time,0,0,2,0,15,9,2,3,1,0
Illinois Central College,Nonresident alien ,Adjusted cohort,12,8,0,0,0,0,1,0,2,1
Illinois Central College,,Completed within 150% of normal time,2,2,0,0,0,0,1,0,1,0
Olney Central College,American Indian or Alaska Native ,Adjusted cohort,0,0,0,0,1,0,0,0,0,0
Olney Central College,,Completed within 150% of normal time,0,0,0,0,0,0,0,0,0,0
Olney Central College,Asian ,Adjusted cohort,2,0,0,0,2,2,1,2,2,3
Olney Central College,,Completed within 150% of normal time,1,0,0,0,1,0,0,0,1,1
Olney Central College,Black or African American ,Adjusted cohort,13,8,7,6,9,12,14,6,4,9
Olney Central College,,Completed within 150% of normal time,3,2,4,0,1,5,1,0,0,2
Olney Central College,Hispanic or Latino,Adjusted cohort,7,0,0,2,2,5,5,0,1,0
Olney Central College,,Completed within 150% of normal time,1,0,0,2,2,4,2,0,0,0
Olney Central College,Native Hawaiian or Other Pacific Islander ,Adjusted cohort,0,0,0,0,0,0,0,0,0,0
Olney Central College,,Completed within 150% of normal time,0,0,0,0,0,0,0,0,0,0
Olney Central College,White ,Adjusted cohort,184,142,165,183,196,225,206,54,94,111
Olney Central College,,Completed within 150% of normal time,116,94,92,111,100,139,108,23,37,54
Olney Central College,Two or more races ,Adjusted cohort,3,1,1,2,6,2,4,0,1,0
Olney Central College,,Completed within 150% of normal time,2,1,1,0,2,1,1,0,0,0
Olney Central College,Race/ethnicity unknown ,Adjusted cohort,0,0,1,0,0,0,0,0,0,0
Olney Central College,,Completed within 150% of normal time,0,0,1,0,0,0,0,0,0,0
Olney Central College,Nonresident alien ,Adjusted cohort,0,0,1,0,0,0,0,0,0,0
Olney Central College,,Completed within 150% of normal time,0,0,0,0,0,0,0,0,0,0
Illinois Valley Community College,American Indian or Alaska Native ,Adjusted cohort,0,0,0,0,0,0,0,0,0,0
Illinois Valley Community College,,Completed within 150% of normal time,0,0,0,0,0,0,0,0,0,0
Illinois Valley Community College,Asian ,Adjusted cohort,1,2,1,2,0,0,0,0,0,4
Illinois Valley Community College,,Completed within 150% of normal time,1,0,0,0,0,0,0,0,0,1
Illinois Valley Community College,Black or African American ,Adjusted cohort,6,10,6,4,5,5,12,9,11,9
Illinois Valley Community College,,Completed within 150% of normal time,1,1,1,1,0,1,0,4,6,2
Illinois Valley Community College,Hispanic or Latino,Adjusted cohort,57,28,28,38,19,23,14,9,22,14
Illinois Valley Community College,,Completed within 150% of normal time,24,4,10,8,2,3,1,3,5,5
Illinois Valley Community College,Native Hawaiian or Other Pacific Islander ,Adjusted cohort,0,0,1,0,0,0,0,0,0,0
Illinois Valley Community College,,Completed within 150% of normal time,0,0,0,0,0,0,0,0,0,0
Illinois Valley Community College,White ,Adjusted cohort,293,135,149,188,162,160,208,144,201,203
Illinois Valley Community College,,Completed within 150% of normal time,118,48,44,61,43,44,55,48,74,64
Illinois Valley Community College,Two or more races ,Adjusted cohort,2,3,2,7,3,8,3,1,0,0
Illinois Valley Community College,,Completed within 150% of normal time,0,0,0,1,1,1,0,0,0,0
Illinois Valley Community College,Race/ethnicity unknown ,Adjusted cohort,8,3,12,3,4,17,18,63,25,13
Illinois Valley Community College,,Completed within 150% of normal time,5,1,1,1,1,2,5,13,6,4
Illinois Valley Community College,Nonresident alien ,Adjusted cohort,0,0,0,0,0,0,0,0,0,0
Illinois Valley Community College,,Completed within 150% of normal time,0,0,0,0,0,0,0,0,0,0
John A Logan College,American Indian or Alaska Native ,Adjusted cohort,2,0,3,1,0,4,1,2,2,5
John A Logan College,,Completed within 150% of normal time,0,0,1,0,0,1,0,1,1,1
John A Logan College,Asian ,Adjusted cohort,3,6,6,3,5,3,2,5,11,10
John A Logan College,,Completed within 150% of normal time,0,3,1,1,1,1,1,0,1,0
John A Logan College,Black or African American ,Adjusted cohort,89,68,85,69,60,63,47,63,85,81
John A Logan College,,Completed within 150% of normal time,12,8,15,7,12,6,1,6,15,14
John A Logan College,Hispanic or Latino,Adjusted cohort,7,4,14,24,12,10,10,10,11,8
John A Logan College,,Completed within 150% of normal time,2,2,2,7,4,3,2,2,1,2
John A Logan College,Native Hawaiian or Other Pacific Islander ,Adjusted cohort,0,0,0,1,1,0,0,0,0,0
John A Logan College,,Completed within 150% of normal time,0,0,0,0,1,0,0,0,0,0
John A Logan College,White ,Adjusted cohort,302,319,382,293,453,402,341,394,581,441
John A Logan College,,Completed within 150% of normal time,75,122,129,81,137,109,90,112,164,114
John A Logan College,Two or more races ,Adjusted cohort,3,6,0,9,3,0,4,6,6,0
John A Logan College,,Completed within 150% of normal time,0,0,0,0,1,0,2,2,1,0
John A Logan College,Race/ethnicity unknown ,Adjusted cohort,15,24,51,13,17,11,12,0,1,0
John A Logan College,,Completed within 150% of normal time,2,4,16,2,3,1,0,0,0,0
John A Logan College,Nonresident alien ,Adjusted cohort,1,0,0,0,0,0,0,0,0,0
John A Logan College,,Completed within 150% of normal time,0,0,0,0,0,0,0,0,0,0
John Wood Community College,American Indian or Alaska Native ,Adjusted cohort,0,1,1,1,1,1,0,2,2,2
John Wood Community College,,Completed within 150% of normal time,0,0,0,0,0,0,0,1,0,0
John Wood Community College,Asian ,Adjusted cohort,2,2,4,3,3,0,1,1,1,5
John Wood Community College,,Completed within 150% of normal time,1,1,2,2,0,0,0,0,0,0
John Wood Community College,Black or African American ,Adjusted cohort,13,20,19,10,21,17,23,22,19,8
John Wood Community College,,Completed within 150% of normal time,2,7,4,0,5,1,6,2,1,0
John Wood Community College,Hispanic or Latino,Adjusted cohort,6,6,4,7,9,3,7,5,2,1
John Wood Community College,,Completed within 150% of normal time,3,2,0,3,1,0,3,0,0,1
John Wood Community College,Native Hawaiian or Other Pacific Islander ,Adjusted cohort,0,0,0,0,0,0,0,0,1,0
John Wood Community College,,Completed within 150% of normal time,0,0,0,0,0,0,0,0,0,0
John Wood Community College,White ,Adjusted cohort,301,347,331,332,357,327,345,445,414,262
John Wood Community College,,Completed within 150% of normal time,135,137,150,133,164,125,122,145,137,104
John Wood Community College,Two or more races ,Adjusted cohort,0,7,7,6,7,9,7,12,0,0
John Wood Community College,,Completed within 150% of normal time,0,1,2,2,2,2,3,4,0,0
John Wood Community College,Race/ethnicity unknown ,Adjusted cohort,2,0,6,15,13,19,21,24,110,171
John Wood Community College,,Completed within 150% of normal time,1,0,4,6,2,7,6,6,33,47
John Wood Community College,Nonresident alien ,Adjusted cohort,0,1,0,0,4,0,0,2,4,1
John Wood Community College,,Completed within 150% of normal time,0,0,0,0,0,0,0,0,0,0
Joliet Junior College,American Indian or Alaska Native ,Adjusted cohort,3,2,2,1,8,11,5,10,6,1
Joliet Junior College,,Completed within 150% of normal time,0,0,1,0,0,1,1,1,0,0
Joliet Junior College,Asian ,Adjusted cohort,26,34,25,30,13,17,6,15,26,44
Joliet Junior College,,Completed within 150% of normal time,5,7,3,5,1,2,1,2,5,2
Joliet Junior College,Black or African American ,Adjusted cohort,118,134,143,160,196,170,273,265,224,217
Joliet Junior College,,Completed within 150% of normal time,8,8,6,13,10,8,11,6,7,6
Joliet Junior College,Hispanic or Latino,Adjusted cohort,234,257,242,211,184,184,166,181,177,169
Joliet Junior College,,Completed within 150% of normal time,35,34,38,26,17,10,18,17,20,17
Joliet Junior College,Native Hawaiian or Other Pacific Islander ,Adjusted cohort,0,1,0,0,1,0,1,0,0,0
Joliet Junior College,,Completed within 150% of normal time,0,0,0,0,0,0,1,0,0,0
Joliet Junior College,White ,Adjusted cohort,557,533,463,479,503,491,482,547,671,824
Joliet Junior College,,Completed within 150% of normal time,124,122,102,103,102,90,96,104,96,109
Joliet Junior College,Two or more races ,Adjusted cohort,44,41,54,55,41,50,33,38,0,0
Joliet Junior College,,Completed within 150% of normal time,8,5,5,7,6,7,6,4,0,0
Joliet Junior College,Race/ethnicity unknown ,Adjusted cohort,5,6,9,4,8,11,8,6,51,0
Joliet Junior College,,Completed within 150% of normal time,0,1,2,0,0,2,1,0,2,0
Joliet Junior College,Nonresident alien ,Adjusted cohort,6,4,4,3,1,0,0,0,2,0
Joliet Junior College,,Completed within 150% of normal time,1,0,2,0,1,0,0,0,0,0
Kankakee Community College,American Indian or Alaska Native ,Adjusted cohort,0,0,1,2,1,2,1,1,0,1
Kankakee Community College,,Completed within 150% of normal time,0,0,0,0,0,1,0,0,0,0
Kankakee Community College,Asian ,Adjusted cohort,1,3,0,4,0,1,0,1,0,1
Kankakee Community College,,Completed within 150% of normal time,0,0,0,2,0,0,0,1,0,1
Kankakee Community College,Black or African American ,Adjusted cohort,24,26,20,25,21,21,37,21,33,22
Kankakee Community College,,Completed within 150% of normal time,5,3,6,4,2,1,3,3,2,5
Kankakee Community College,Hispanic or Latino,Adjusted cohort,28,29,35,44,32,26,19,20,20,22
Kankakee Community College,,Completed within 150% of normal time,6,14,9,11,6,7,4,5,5,0
Kankakee Community College,Native Hawaiian or Other Pacific Islander ,Adjusted cohort,0,1,0,0,0,0,0,0,0,0
Kankakee Community College,,Completed within 150% of normal time,0,0,0,0,0,0,0,0,0,0
Kankakee Community College,White ,Adjusted cohort,135,159,164,168,216,201,183,219,198,214
Kankakee Community College,,Completed within 150% of normal time,50,59,62,60,70,69,56,43,40,38
Kankakee Community College,Two or more races ,Adjusted cohort,14,9,8,5,1,2,3,0,1,0
Kankakee Community College,,Completed within 150% of normal time,6,1,1,0,0,0,2,0,0,0
Kankakee Community College,Race/ethnicity unknown ,Adjusted cohort,1,4,10,4,5,1,3,2,4,0
Kankakee Community College,,Completed within 150% of normal time,1,0,2,2,2,0,0,0,3,0
Kankakee Community College,Nonresident alien ,Adjusted cohort,1,0,0,0,1,0,0,0,0,0
Kankakee Community College,,Completed within 150% of normal time,0,0,0,0,0,0,0,0,0,0
Kaskaskia College,American Indian or Alaska Native ,Adjusted cohort,0,0,1,0,2,1,3,3,5,4
Kaskaskia College,,Completed within 150% of normal time,0,0,0,0,1,0,0,2,2,2
Kaskaskia College,Asian ,Adjusted cohort,2,1,0,0,1,0,5,2,3,7
Kaskaskia College,,Completed within 150% of normal time,1,1,0,0,0,0,3,1,2,3
Kaskaskia College,Black or African American ,Adjusted cohort,12,7,13,17,40,45,59,69,42,40
Kaskaskia College,,Completed within 150% of normal time,1,3,4,2,18,14,26,33,15,9
Kaskaskia College,Hispanic or Latino,Adjusted cohort,2,3,5,4,11,20,19,22,9,6
Kaskaskia College,,Completed within 150% of normal time,2,0,0,0,3,9,4,10,3,2
Kaskaskia College,Native Hawaiian or Other Pacific Islander ,Adjusted cohort,0,0,0,0,0,0,1,0,0,0
Kaskaskia College,,Completed within 150% of normal time,0,0,0,0,0,0,1,0,0,0
Kaskaskia College,White ,Adjusted cohort,123,127,124,133,161,203,868,723,490,412
Kaskaskia College,,Completed within 150% of normal time,36,46,42,45,58,77,437,336,213,182
Kaskaskia College,Two or more races ,Adjusted cohort,2,3,6,4,6,11,15,17,2,0
Kaskaskia College,,Completed within 150% of normal time,1,0,1,1,2,3,4,6,1,0
Kaskaskia College,Race/ethnicity unknown ,Adjusted cohort,0,2,0,0,3,2,4,5,6,0
Kaskaskia College,,Completed within 150% of normal time,0,0,0,0,3,2,1,2,1,0
Kaskaskia College,Nonresident alien ,Adjusted cohort,0,0,0,0,0,0,1,5,7,4
Kaskaskia College,,Completed within 150% of normal time,0,0,0,0,0,0,1,1,2,1
Kishwaukee College,American Indian or Alaska Native ,Adjusted cohort,2,2,2,3,4,1,1,1,1,2
Kishwaukee College,,Completed within 150% of normal time,1,0,1,1,1,0,0,0,0,0
Kishwaukee College,Asian ,Adjusted cohort,4,2,2,7,3,2,6,2,5,3
Kishwaukee College,,Completed within 150% of normal time,3,1,0,2,0,0,1,0,1,0
Kishwaukee College,Black or African American ,Adjusted cohort,64,68,95,76,106,100,79,190,152,64
Kishwaukee College,,Completed within 150% of normal time,5,6,12,5,12,9,5,6,7,5
Kishwaukee College,Hispanic or Latino,Adjusted cohort,70,69,43,43,58,48,37,52,34,23
Kishwaukee College,,Completed within 150% of normal time,36,20,9,10,15,12,10,13,4,5
Kishwaukee College,Native Hawaiian or Other Pacific Islander ,Adjusted cohort,0,0,1,1,0,1,0,0,0,0
Kishwaukee College,,Completed within 150% of normal time,0,0,1,1,0,0,0,0,0,0
Kishwaukee College,White ,Adjusted cohort,275,242,274,260,274,266,325,342,310,261
Kishwaukee College,,Completed within 150% of normal time,128,111,116,95,103,95,111,89,84,76
Kishwaukee College,Two or more races ,Adjusted cohort,11,17,13,10,11,4,6,11,6,0
Kishwaukee College,,Completed within 150% of normal time,3,3,5,3,3,2,1,3,1,0
Kishwaukee College,Race/ethnicity unknown ,Adjusted cohort,7,9,15,6,6,4,7,3,0,0
Kishwaukee College,,Completed within 150% of normal time,3,4,1,2,0,2,1,0,0,0
Kishwaukee College,Nonresident alien ,Adjusted cohort,0,0,0,0,1,0,0,0,0,1
Kishwaukee College,,Completed within 150% of normal time,0,0,0,0,0,0,0,0,0,0
College of Lake County,American Indian or Alaska Native ,Adjusted cohort,0,1,2,1,4,1,0,2,6,0
College of Lake County,,Completed within 150% of normal time,0,0,1,0,1,0,0,0,1,0
College of Lake County,Asian ,Adjusted cohort,63,60,63,54,45,38,43,67,67,67
College of Lake County,,Completed within 150% of normal time,19,22,18,25,17,10,8,11,6,11
College of Lake County,Black or African American ,Adjusted cohort,44,65,60,49,90,80,76,89,102,109
College of Lake County,,Completed within 150% of normal time,11,8,12,8,14,7,9,5,8,7
College of Lake County,Hispanic or Latino,Adjusted cohort,448,424,388,357,314,263,237,190,203,206
College of Lake County,,Completed within 150% of normal time,145,112,97,104,71,54,36,31,32,23
College of Lake County,Native Hawaiian or Other Pacific Islander ,Adjusted cohort,2,2,5,2,2,5,2,3,0,0
College of Lake County,,Completed within 150% of normal time,0,1,2,0,1,3,1,0,0,0
College of Lake County,White ,Adjusted cohort,482,569,552,578,593,596,609,658,761,951
College of Lake County,,Completed within 150% of normal time,165,171,181,158,155,136,139,131,119,155
College of Lake County,Two or more races ,Adjusted cohort,58,50,62,38,54,24,35,19,0,0
College of Lake County,,Completed within 150% of normal time,14,12,18,5,12,8,9,4,0,0
College of Lake County,Race/ethnicity unknown ,Adjusted cohort,32,29,34,29,41,33,51,178,184,0
College of Lake County,,Completed within 150% of normal time,13,11,12,7,12,1,17,20,20,0
College of Lake County,Nonresident alien ,Adjusted cohort,3,9,7,14,7,0,0,0,0,2
College of Lake County,,Completed within 150% of normal time,0,1,0,4,2,0,0,0,0,0
Lake Land College,American Indian or Alaska Native ,Adjusted cohort,0,1,1,2,3,2,1,1,1,3
Lake Land College,,Completed within 150% of normal time,0,0,1,2,1,0,1,0,0,0
Lake Land College,Asian ,Adjusted cohort,1,6,2,3,6,4,3,5,2,2
Lake Land College,,Completed within 150% of normal time,0,5,0,3,2,0,1,0,1,1
Lake Land College,Black or African American ,Adjusted cohort,28,23,34,28,43,35,37,45,47,46
Lake Land College,,Completed within 150% of normal time,3,5,5,0,4,6,7,10,11,8
Lake Land College,Hispanic or Latino,Adjusted cohort,21,18,16,12,12,11,19,13,14,13
Lake Land College,,Completed within 150% of normal time,7,8,5,3,6,2,7,6,4,2
Lake Land College,Native Hawaiian or Other Pacific Islander ,Adjusted cohort,0,0,0,0,0,0,1,0,0,0
Lake Land College,,Completed within 150% of normal time,0,0,0,0,0,0,0,0,0,0
Lake Land College,White ,Adjusted cohort,810,769,792,694,809,882,842,475,529,457
Lake Land College,,Completed within 150% of normal time,392,404,360,303,340,365,293,147,194,121
Lake Land College,Two or more races ,Adjusted cohort,24,8,16,5,3,5,7,5,2,0
Lake Land College,,Completed within 150% of normal time,10,3,6,3,0,0,2,0,1,0
Lake Land College,Race/ethnicity unknown ,Adjusted cohort,3,16,14,16,16,21,33,12,70,0
Lake Land College,,Completed within 150% of normal time,1,9,5,7,5,2,14,3,16,0
Lake Land College,Nonresident alien ,Adjusted cohort,0,0,0,0,0,0,0,0,0,1
Lake Land College,,Completed within 150% of normal time,0,0,0,0,0,0,0,0,0,0
Lewis and Clark Community College,American Indian or Alaska Native ,Adjusted cohort,7,6,2,7,2,5,5,4,5,1
Lewis and Clark Community College,,Completed within 150% of normal time,3,4,2,0,0,1,0,1,1,0
Lewis and Clark Community College,Asian ,Adjusted cohort,4,4,1,1,1,2,4,1,0,1
Lewis and Clark Community College,,Completed within 150% of normal time,1,3,0,0,1,0,1,0,0,0
Lewis and Clark Community College,Black or African American ,Adjusted cohort,34,47,52,48,55,41,46,41,46,36
Lewis and Clark Community College,,Completed within 150% of normal time,12,17,11,12,9,9,7,2,3,6
Lewis and Clark Community College,Hispanic or Latino,Adjusted cohort,11,12,11,6,12,15,14,3,1,6
Lewis and Clark Community College,,Completed within 150% of normal time,2,3,4,2,2,4,5,0,0,1
Lewis and Clark Community College,Native Hawaiian or Other Pacific Islander ,Adjusted cohort,1,1,1,1,0,2,1,0,0,0
Lewis and Clark Community College,,Completed within 150% of normal time,0,0,1,1,0,1,0,0,0,0
Lewis and Clark Community College,White ,Adjusted cohort,364,406,428,414,420,485,469,196,191,264
Lewis and Clark Community College,,Completed within 150% of normal time,200,178,194,180,177,199,146,30,33,52
Lewis and Clark Community College,Two or more races ,Adjusted cohort,0,0,0,1,0,0,0,0,0,0
Lewis and Clark Community College,,Completed within 150% of normal time,0,0,0,0,0,0,0,0,0,0
Lewis and Clark Community College,Race/ethnicity unknown ,Adjusted cohort,28,32,34,42,29,25,29,45,40,0
Lewis and Clark Community College,,Completed within 150% of normal time,13,8,14,10,8,6,1,6,9,0
Lewis and Clark Community College,Nonresident alien ,Adjusted cohort,0,0,0,0,2,2,1,2,0,0
Lewis and Clark Community College,,Completed within 150% of normal time,0,0,0,0,1,0,1,0,0,0
Lincoln Land Community College,American Indian or Alaska Native ,Adjusted cohort,5,9,5,5,2,1,3,0,0,1
Lincoln Land Community College,,Completed within 150% of normal time,3,5,0,1,0,1,1,0,0,0
Lincoln Land Community College,Asian ,Adjusted cohort,10,7,8,14,11,14,5,0,4,4
Lincoln Land Community College,,Completed within 150% of normal time,5,5,4,6,5,4,0,0,0,0
Lincoln Land Community College,Black or African American ,Adjusted cohort,65,83,109,128,133,120,111,97,61,72
Lincoln Land Community College,,Completed within 150% of normal time,8,11,8,16,9,16,8,5,6,7
Lincoln Land Community College,Hispanic or Latino,Adjusted cohort,30,28,16,40,23,19,8,9,18,16
Lincoln Land Community College,,Completed within 150% of normal time,11,10,3,9,6,7,1,1,3,6
Lincoln Land Community College,Native Hawaiian or Other Pacific Islander ,Adjusted cohort,0,2,3,1,1,0,1,1,0,0
Lincoln Land Community College,,Completed within 150% of normal time,0,1,1,0,0,0,0,0,0,0
Lincoln Land Community College,White ,Adjusted cohort,572,551,642,796,833,737,447,576,557,409
Lincoln Land Community College,,Completed within 150% of normal time,240,205,253,278,286,279,132,165,137,87
Lincoln Land Community College,Two or more races ,Adjusted cohort,46,37,22,3,5,6,9,5,3,0
Lincoln Land Community College,,Completed within 150% of normal time,7,11,5,0,0,1,3,0,1,0
Lincoln Land Community College,Race/ethnicity unknown ,Adjusted cohort,67,40,43,29,13,26,28,50,5,0
Lincoln Land Community College,,Completed within 150% of normal time,27,15,15,7,3,9,3,16,2,0
Lincoln Land Community College,Nonresident alien ,Adjusted cohort,0,0,0,0,0,0,0,0,0,4
Lincoln Land Community College,,Completed within 150% of normal time,0,0,0,0,0,0,0,0,0,1
Lincoln College of Technology-Melrose Park,American Indian or Alaska Native ,Adjusted cohort,4,1,1,0,0,1,1,1,6,3
Lincoln College of Technology-Melrose Park,,Completed within 150% of normal time,3,0,1,0,0,0,1,0,2,2
Lincoln College of Technology-Melrose Park,Asian ,Adjusted cohort,7,9,8,12,7,12,13,11,23,32
Lincoln College of Technology-Melrose Park,,Completed within 150% of normal time,5,6,6,11,5,4,10,9,15,15
Lincoln College of Technology-Melrose Park,Black or African American ,Adjusted cohort,220,185,130,131,169,207,242,256,445,539
Lincoln College of Technology-Melrose Park,,Completed within 150% of normal time,77,79,61,52,68,91,99,85,183,201
Lincoln College of Technology-Melrose Park,Hispanic or Latino,Adjusted cohort,297,292,272,270,284,316,402,260,473,530
Lincoln College of Technology-Melrose Park,,Completed within 150% of normal time,214,193,182,201,184,208,278,170,295,326
Lincoln College of Technology-Melrose Park,Native Hawaiian or Other Pacific Islander ,Adjusted cohort,0,0,0,2,1,2,2,0,0,1
Lincoln College of Technology-Melrose Park,,Completed within 150% of normal time,0,0,0,2,1,1,2,0,0,1
Lincoln College of Technology-Melrose Park,White ,Adjusted cohort,61,43,71,63,75,82,132,88,158,168
Lincoln College of Technology-Melrose Park,,Completed within 150% of normal time,41,26,44,41,48,51,94,39,93,91
Lincoln College of Technology-Melrose Park,Two or more races ,Adjusted cohort,18,18,10,11,16,33,22,0,1,0
Lincoln College of Technology-Melrose Park,,Completed within 150% of normal time,9,8,6,4,10,18,8,0,1,0
Lincoln College of Technology-Melrose Park,Race/ethnicity unknown ,Adjusted cohort,4,3,5,7,2,3,10,8,25,55
Lincoln College of Technology-Melrose Park,,Completed within 150% of normal time,1,1,4,3,1,2,7,1,10,30
Lincoln College of Technology-Melrose Park,Nonresident alien ,Adjusted cohort,0,0,0,0,0,0,0,0,0,0
Lincoln College of Technology-Melrose Park,,Completed within 150% of normal time,0,0,0,0,0,0,0,0,0,0
MacCormac College,American Indian or Alaska Native ,Adjusted cohort,0,0,0,0,0,0,0,0,0,0
MacCormac College,,Completed within 150% of normal time,0,0,0,0,0,0,0,0,0,0
MacCormac College,Asian ,Adjusted cohort,1,0,0,0,0,0,0,0,0,0
MacCormac College,,Completed within 150% of normal time,1,0,0,0,0,0,0,0,0,0
MacCormac College,Black or African American ,Adjusted cohort,19,15,12,9,16,24,8,10,10,11
MacCormac College,,Completed within 150% of normal time,7,2,2,1,4,3,1,3,0,1
MacCormac College,Hispanic or Latino,Adjusted cohort,11,5,4,4,3,2,4,2,3,5
MacCormac College,,Completed within 150% of normal time,6,3,2,0,1,0,2,2,0,0
MacCormac College,Native Hawaiian or Other Pacific Islander ,Adjusted cohort,0,0,0,0,0,0,0,0,0,0
MacCormac College,,Completed within 150% of normal time,0,0,0,0,0,0,0,0,0,0
MacCormac College,White ,Adjusted cohort,1,2,3,4,2,2,7,6,11,11
MacCormac College,,Completed within 150% of normal time,1,0,1,1,0,1,0,2,3,0
MacCormac College,Two or more races ,Adjusted cohort,0,0,0,0,1,0,0,0,0,0
MacCormac College,,Completed within 150% of normal time,0,0,0,0,1,0,0,0,0,0
MacCormac College,Race/ethnicity unknown ,Adjusted cohort,0,0,0,0,0,0,0,0,0,0
MacCormac College,,Completed within 150% of normal time,0,0,0,0,0,0,0,0,0,0
MacCormac College,Nonresident alien ,Adjusted cohort,0,0,0,0,0,0,0,1,1,0
MacCormac College,,Completed within 150% of normal time,0,0,0,0,0,0,0,0,0,0
McHenry County College,American Indian or Alaska Native ,Adjusted cohort,2,1,0,0,3,2,2,2,4,1
McHenry County College,,Completed within 150% of normal time,0,0,0,0,1,0,0,0,2,0
McHenry County College,Asian ,Adjusted cohort,13,11,9,9,10,6,9,9,17,6
McHenry County College,,Completed within 150% of normal time,2,5,0,2,0,2,1,2,5,1
McHenry County College,Black or African American ,Adjusted cohort,21,18,13,17,12,8,7,9,16,4
McHenry County College,,Completed within 150% of normal time,1,1,3,1,1,2,0,3,0,0
McHenry County College,Hispanic or Latino,Adjusted cohort,108,94,91,94,94,56,35,68,103,31
McHenry County College,,Completed within 150% of normal time,28,34,17,21,25,16,10,11,24,8
McHenry County College,Native Hawaiian or Other Pacific Islander ,Adjusted cohort,2,1,0,3,1,0,0,0,0,0
McHenry County College,,Completed within 150% of normal time,0,0,0,2,0,0,0,0,0,0
McHenry County College,White ,Adjusted cohort,426,430,462,516,554,297,322,374,769,346
McHenry County College,,Completed within 150% of normal time,154,113,145,160,172,86,94,95,215,94
McHenry County College,Two or more races ,Adjusted cohort,17,28,18,19,18,17,0,0,0,0
McHenry County College,,Completed within 150% of normal time,2,12,3,3,3,4,0,0,0,0
McHenry County College,Race/ethnicity unknown ,Adjusted cohort,8,9,10,8,13,19,2,0,0,0
McHenry County College,,Completed within 150% of normal time,4,0,6,4,7,8,1,0,0,0
McHenry County College,Nonresident alien ,Adjusted cohort,0,0,0,2,1,0,1,6,8,5
McHenry County College,,Completed within 150% of normal time,0,0,0,0,0,0,0,2,2,1
Moraine Valley Community College,American Indian or Alaska Native ,Adjusted cohort,4,2,7,5,4,4,2,3,2,3
Moraine Valley Community College,,Completed within 150% of normal time,1,0,1,0,1,0,0,1,0,1
Moraine Valley Community College,Asian ,Adjusted cohort,35,31,35,24,29,26,22,29,23,36
Moraine Valley Community College,,Completed within 150% of normal time,12,8,10,8,8,8,6,8,9,5
Moraine Valley Community College,Black or African American ,Adjusted cohort,124,128,113,133,152,152,92,142,130,105
Moraine Valley Community College,,Completed within 150% of normal time,11,15,10,21,18,14,9,11,4,6
Moraine Valley Community College,Hispanic or Latino,Adjusted cohort,405,498,440,391,374,350,180,174,243,219
Moraine Valley Community College,,Completed within 150% of normal time,114,115,114,95,99,87,35,34,35,31
Moraine Valley Community College,Native Hawaiian or Other Pacific Islander ,Adjusted cohort,1,2,0,2,1,2,0,1,1,0
Moraine Valley Community College,,Completed within 150% of normal time,0,0,0,0,1,1,0,0,0,0
Moraine Valley Community College,White ,Adjusted cohort,806,886,915,848,857,810,422,748,946,917
Moraine Valley Community College,,Completed within 150% of normal time,275,286,297,284,278,247,106,171,193,160
Moraine Valley Community College,Two or more races ,Adjusted cohort,45,73,46,37,35,18,22,10,0,0
Moraine Valley Community College,,Completed within 150% of normal time,9,21,9,9,10,5,4,4,0,0
Moraine Valley Community College,Race/ethnicity unknown ,Adjusted cohort,135,90,110,167,125,180,72,142,65,0
Moraine Valley Community College,,Completed within 150% of normal time,27,34,38,27,24,45,12,25,11,0
Moraine Valley Community College,Nonresident alien ,Adjusted cohort,27,27,20,18,10,18,5,11,10,18
Moraine Valley Community College,,Completed within 150% of normal time,5,3,4,2,2,1,1,4,3,3
Morrison Institute of Technology,American Indian or Alaska Native ,Adjusted cohort,0,0,0,1,0,1,0,0,0,0
Morrison Institute of Technology,,Completed within 150% of normal time,0,0,0,0,0,1,0,0,0,0
Morrison Institute of Technology,Asian ,Adjusted cohort,0,0,0,0,0,0,1,0,1,0
Morrison Institute of Technology,,Completed within 150% of normal time,0,0,0,0,0,0,1,0,0,0
Morrison Institute of Technology,Black or African American ,Adjusted cohort,2,0,2,0,0,2,0,3,1,0
Morrison Institute of Technology,,Completed within 150% of normal time,0,0,2,0,0,2,0,2,1,0
Morrison Institute of Technology,Hispanic or Latino,Adjusted cohort,5,2,8,2,2,4,5,1,6,4
Morrison Institute of Technology,,Completed within 150% of normal time,4,2,5,2,0,3,5,1,5,2
Morrison Institute of Technology,Native Hawaiian or Other Pacific Islander ,Adjusted cohort,0,0,1,0,0,0,0,0,0,0
Morrison Institute of Technology,,Completed within 150% of normal time,0,0,1,0,0,0,0,0,0,0
Morrison Institute of Technology,White ,Adjusted cohort,46,35,34,35,35,35,29,48,45,44
Morrison Institute of Technology,,Completed within 150% of normal time,37,29,29,25,25,27,17,38,38,35
Morrison Institute of Technology,Two or more races ,Adjusted cohort,0,0,0,0,0,0,0,0,0,1
Morrison Institute of Technology,,Completed within 150% of normal time,0,0,0,0,0,0,0,0,0,0
Morrison Institute of Technology,Race/ethnicity unknown ,Adjusted cohort,10,1,1,1,0,0,2,1,0,0
Morrison Institute of Technology,,Completed within 150% of normal time,7,1,1,0,0,0,2,0,0,0
Morrison Institute of Technology,Nonresident alien ,Adjusted cohort,0,0,0,0,0,0,0,0,0,0
Morrison Institute of Technology,,Completed within 150% of normal time,0,0,0,0,0,0,0,0,0,0
Morton College,American Indian or Alaska Native ,Adjusted cohort,1,0,0,0,0,0,0,0,0,0
Morton College,,Completed within 150% of normal time,0,0,0,0,0,0,0,0,0,0
Morton College,Asian ,Adjusted cohort,2,3,3,3,2,1,1,3,1,2
Morton College,,Completed within 150% of normal time,0,0,2,1,2,1,0,0,0,0
Morton College,Black or African American ,Adjusted cohort,14,9,29,5,11,8,11,19,13,19
Morton College,,Completed within 150% of normal time,1,1,1,0,1,1,1,1,2,6
Morton College,Hispanic or Latino,Adjusted cohort,281,299,333,255,272,226,127,158,191,201
Morton College,,Completed within 150% of normal time,59,61,58,60,57,54,19,28,40,38
Morton College,Native Hawaiian or Other Pacific Islander ,Adjusted cohort,0,0,0,0,0,1,0,0,0,0
Morton College,,Completed within 150% of normal time,0,0,0,0,0,0,0,0,0,0
Morton College,White ,Adjusted cohort,20,15,26,13,21,23,13,25,42,26
Morton College,,Completed within 150% of normal time,4,1,8,4,3,6,1,2,14,7
Morton College,Two or more races ,Adjusted cohort,5,2,1,0,0,0,1,1,0,0
Morton College,,Completed within 150% of normal time,1,0,1,0,0,0,0,0,0,0
Morton College,Race/ethnicity unknown ,Adjusted cohort,15,14,23,11,9,13,9,38,0,0
Morton College,,Completed within 150% of normal time,5,2,6,4,0,5,1,5,0,0
Morton College,Nonresident alien ,Adjusted cohort,0,0,0,0,0,0,1,2,4,10
Morton College,,Completed within 150% of normal time,0,0,0,0,0,0,0,1,1,1
Oakton Community College,American Indian or Alaska Native ,Adjusted cohort,0,0,2,0,2,1,2,1,3,6
Oakton Community College,,Completed within 150% of normal time,0,0,0,0,0,0,0,0,0,0
Oakton Community College,Asian ,Adjusted cohort,110,125,103,119,126,137,139,134,182,28
Oakton Community College,,Completed within 150% of normal time,36,33,20,23,18,26,23,16,24,3
Oakton Community College,Black or African American ,Adjusted cohort,33,17,21,27,26,40,29,37,47,144
Oakton Community College,,Completed within 150% of normal time,4,3,3,3,2,1,4,3,4,23
Oakton Community College,Hispanic or Latino,Adjusted cohort,89,91,98,114,129,114,129,124,127,54
Oakton Community College,,Completed within 150% of normal time,24,18,22,21,19,19,18,18,7,8
Oakton Community College,Native Hawaiian or Other Pacific Islander ,Adjusted cohort,2,4,0,3,6,4,8,17,50,0
Oakton Community College,,Completed within 150% of normal time,0,2,0,1,1,1,0,1,6,0
Oakton Community College,White ,Adjusted cohort,186,216,257,324,301,330,329,416,365,292
Oakton Community College,,Completed within 150% of normal time,57,39,52,81,72,55,68,66,56,41
Oakton Community College,Two or more races ,Adjusted cohort,16,14,9,17,22,21,24,24,15,0
Oakton Community College,,Completed within 150% of normal time,2,6,2,4,4,4,1,5,1,0
Oakton Community College,Race/ethnicity unknown ,Adjusted cohort,11,15,17,14,50,29,22,40,35,136
Oakton Community College,,Completed within 150% of normal time,2,5,4,1,5,6,4,5,7,12
Oakton Community College,Nonresident alien ,Adjusted cohort,0,0,0,0,0,0,0,0,0,57
Oakton Community College,,Completed within 150% of normal time,0,0,0,0,0,0,0,0,0,8
Parkland College,American Indian or Alaska Native ,Adjusted cohort,1,1,3,3,2,6,4,4,3,3
Parkland College,,Completed within 150% of normal time,0,0,0,0,0,0,0,1,0,0
Parkland College,Asian ,Adjusted cohort,17,37,50,12,17,22,12,26,26,26
Parkland College,,Completed within 150% of normal time,6,5,8,6,2,4,2,1,3,4
Parkland College,Black or African American ,Adjusted cohort,115,108,111,130,148,224,159,166,112,90
Parkland College,,Completed within 150% of normal time,13,11,8,13,10,6,8,7,6,8
Parkland College,Hispanic or Latino,Adjusted cohort,75,59,67,38,27,48,34,47,29,32
Parkland College,,Completed within 150% of normal time,19,18,19,6,7,5,6,10,5,7
Parkland College,Native Hawaiian or Other Pacific Islander ,Adjusted cohort,0,0,1,1,0,4,2,0,0,0
Parkland College,,Completed within 150% of normal time,0,0,0,0,0,0,1,0,0,0
Parkland College,White ,Adjusted cohort,411,374,431,519,373,375,334,509,693,648
Parkland College,,Completed within 150% of normal time,165,119,152,187,109,83,96,102,133,137
Parkland College,Two or more races ,Adjusted cohort,28,39,41,16,2,0,1,0,0,0
Parkland College,,Completed within 150% of normal time,4,8,7,2,1,0,0,0,0,0
Parkland College,Race/ethnicity unknown ,Adjusted cohort,52,39,54,128,99,132,184,173,0,0
Parkland College,,Completed within 150% of normal time,16,11,15,29,18,23,36,31,0,0
Parkland College,Nonresident alien ,Adjusted cohort,32,5,0,1,0,0,0,10,21,32
Parkland College,,Completed within 150% of normal time,7,0,0,0,0,0,0,0,0,7
Prairie State College,American Indian or Alaska Native ,Adjusted cohort,1,0,0,0,1,2,1,2,1,2
Prairie State College,,Completed within 150% of normal time,0,0,0,0,0,1,0,1,0,0
Prairie State College,Asian ,Adjusted cohort,4,1,4,1,0,0,1,5,2,5
Prairie State College,,Completed within 150% of normal time,1,0,4,0,0,0,0,0,0,0
Prairie State College,Black or African American ,Adjusted cohort,182,136,110,129,227,176,182,354,356,312
Prairie State College,,Completed within 150% of normal time,29,12,15,8,15,16,21,34,29,26
Prairie State College,Hispanic or Latino,Adjusted cohort,51,30,41,30,59,43,51,85,86,43
Prairie State College,,Completed within 150% of normal time,14,7,10,7,12,7,7,13,7,5
Prairie State College,Native Hawaiian or Other Pacific Islander ,Adjusted cohort,0,0,0,0,0,1,0,3,0,0
Prairie State College,,Completed within 150% of normal time,0,0,0,0,0,0,0,1,0,0
Prairie State College,White ,Adjusted cohort,38,27,37,66,101,102,123,164,166,149
Prairie State College,,Completed within 150% of normal time,5,12,12,8,19,20,27,33,36,27
Prairie State College,Two or more races ,Adjusted cohort,7,8,13,8,12,15,8,12,12,0
Prairie State College,,Completed within 150% of normal time,0,2,1,1,1,3,2,1,3,0
Prairie State College,Race/ethnicity unknown ,Adjusted cohort,8,6,12,8,8,17,9,25,9,8
Prairie State College,,Completed within 150% of normal time,0,3,2,0,1,1,1,1,0,0
Prairie State College,Nonresident alien ,Adjusted cohort,4,2,1,1,0,0,0,0,0,0
Prairie State College,,Completed within 150% of normal time,0,0,0,0,0,0,0,0,0,0
Rend Lake College,American Indian or Alaska Native ,Adjusted cohort,1,2,0,3,1,4,7,4,1,2
Rend Lake College,,Completed within 150% of normal time,0,1,0,2,0,2,3,1,1,0
Rend Lake College,Asian ,Adjusted cohort,8,1,2,1,1,4,3,5,1,1
Rend Lake College,,Completed within 150% of normal time,3,0,2,1,0,1,1,0,0,1
Rend Lake College,Black or African American ,Adjusted cohort,26,36,40,40,20,62,79,75,89,68
Rend Lake College,,Completed within 150% of normal time,5,9,9,6,4,18,19,21,26,25
Rend Lake College,Hispanic or Latino,Adjusted cohort,3,2,3,3,1,11,13,18,28,14
Rend Lake College,,Completed within 150% of normal time,1,0,2,1,0,4,8,5,14,5
Rend Lake College,Native Hawaiian or Other Pacific Islander ,Adjusted cohort,0,0,0,1,3,0,0,0,0,0
Rend Lake College,,Completed within 150% of normal time,0,0,0,1,1,0,0,0,0,0
Rend Lake College,White ,Adjusted cohort,467,434,412,468,328,791,941,1001,869,808
Rend Lake College,,Completed within 150% of normal time,276,239,264,287,174,423,515,539,422,448
Rend Lake College,Two or more races ,Adjusted cohort,0,0,0,0,0,0,0,0,0,0
Rend Lake College,,Completed within 150% of normal time,0,0,0,0,0,0,0,0,0,0
Rend Lake College,Race/ethnicity unknown ,Adjusted cohort,0,1,1,0,0,1,1,0,0,0
Rend Lake College,,Completed within 150% of normal time,0,1,1,0,0,1,0,0,0,0
Rend Lake College,Nonresident alien ,Adjusted cohort,0,0,0,0,0,0,0,2,3,3
Rend Lake College,,Completed within 150% of normal time,0,0,0,0,0,0,0,0,1,2
Richland Community College,American Indian or Alaska Native ,Adjusted cohort,3,1,1,0,0,0,0,0,0,2
Richland Community College,,Completed within 150% of normal time,2,0,1,0,0,0,0,0,0,1
Richland Community College,Asian ,Adjusted cohort,2,1,2,2,3,3,1,1,1,1
Richland Community College,,Completed within 150% of normal time,1,1,1,1,2,1,1,0,0,0
Richland Community College,Black or African American ,Adjusted cohort,29,25,22,31,34,32,31,35,32,26
Richland Community College,,Completed within 150% of normal time,4,5,3,6,6,10,5,6,4,4
Richland Community College,Hispanic or Latino,Adjusted cohort,4,4,6,2,3,4,5,0,3,1
Richland Community College,,Completed within 150% of normal time,1,2,1,1,2,0,1,0,2,1
Richland Community College,Native Hawaiian or Other Pacific Islander ,Adjusted cohort,0,1,0,0,0,0,0,0,0,0
Richland Community College,,Completed within 150% of normal time,0,1,0,0,0,0,0,0,0,0
Richland Community College,White ,Adjusted cohort,207,221,217,217,213,217,247,163,210,179
Richland Community College,,Completed within 150% of normal time,97,114,88,89,68,82,59,36,54,41
Richland Community College,Two or more races ,Adjusted cohort,10,9,13,12,10,0,0,0,2,0
Richland Community College,,Completed within 150% of normal time,4,1,3,5,4,0,0,0,0,0
Richland Community College,Race/ethnicity unknown ,Adjusted cohort,9,13,11,34,8,0,0,0,0,0
Richland Community College,,Completed within 150% of normal time,4,3,5,16,3,0,0,0,0,0
Richland Community College,Nonresident alien ,Adjusted cohort,0,0,0,0,0,0,0,0,0,0
Richland Community College,,Completed within 150% of normal time,0,0,0,0,0,0,0,0,0,0
Rock Valley College,American Indian or Alaska Native ,Adjusted cohort,4,4,1,3,4,4,3,1,7,1
Rock Valley College,,Completed within 150% of normal time,1,0,0,1,2,1,0,0,0,0
Rock Valley College,Asian ,Adjusted cohort,19,26,17,16,12,19,15,28,22,17
Rock Valley College,,Completed within 150% of normal time,11,6,10,5,6,6,1,4,5,5
Rock Valley College,Black or African American ,Adjusted cohort,45,66,44,42,73,71,81,104,81,100
Rock Valley College,,Completed within 150% of normal time,8,8,7,5,6,8,7,6,7,7
Rock Valley College,Hispanic or Latino,Adjusted cohort,138,169,118,100,115,114,94,102,77,57
Rock Valley College,,Completed within 150% of normal time,48,41,38,32,40,31,26,17,13,18
Rock Valley College,Native Hawaiian or Other Pacific Islander ,Adjusted cohort,2,1,3,1,0,2,0,0,0,0
Rock Valley College,,Completed within 150% of normal time,0,0,1,0,0,1,0,0,0,0
Rock Valley College,White ,Adjusted cohort,498,586,484,460,533,621,648,709,686,532
Rock Valley College,,Completed within 150% of normal time,197,204,166,152,173,166,177,184,182,132
Rock Valley College,Two or more races ,Adjusted cohort,16,15,20,10,16,18,14,18,6,0
Rock Valley College,,Completed within 150% of normal time,2,3,2,0,6,2,3,3,1,0
Rock Valley College,Race/ethnicity unknown ,Adjusted cohort,17,23,29,7,3,14,24,11,22,3
Rock Valley College,,Completed within 150% of normal time,2,4,14,3,0,3,6,1,1,0
Rock Valley College,Nonresident alien ,Adjusted cohort,4,4,5,5,0,0,1,1,0,5
Rock Valley College,,Completed within 150% of normal time,1,0,1,2,0,0,1,0,0,1
Sauk Valley Community College,American Indian or Alaska Native ,Adjusted cohort,2,0,0,0,1,1,1,0,2,0
Sauk Valley Community College,,Completed within 150% of normal time,1,0,0,0,1,1,0,0,2,0
Sauk Valley Community College,Asian ,Adjusted cohort,3,4,3,1,2,0,0,0,1,4
Sauk Valley Community College,,Completed within 150% of normal time,1,3,1,0,0,0,0,0,0,2
Sauk Valley Community College,Black or African American ,Adjusted cohort,20,20,22,17,28,13,10,26,17,9
Sauk Valley Community College,,Completed within 150% of normal time,6,5,6,6,10,2,3,3,1,2
Sauk Valley Community College,Hispanic or Latino,Adjusted cohort,45,44,36,53,51,43,21,11,19,17
Sauk Valley Community College,,Completed within 150% of normal time,15,19,14,21,17,12,4,5,6,5
Sauk Valley Community College,Native Hawaiian or Other Pacific Islander ,Adjusted cohort,0,0,0,0,0,0,0,0,0,5
Sauk Valley Community College,,Completed within 150% of normal time,0,0,0,0,0,0,0,0,0,0
Sauk Valley Community College,White ,Adjusted cohort,191,193,230,228,273,311,192,177,217,149
Sauk Valley Community College,,Completed within 150% of normal time,97,84,108,98,125,124,70,55,70,45
Sauk Valley Community College,Two or more races ,Adjusted cohort,0,0,0,0,0,0,0,0,4,0
Sauk Valley Community College,,Completed within 150% of normal time,0,0,0,0,0,0,0,0,1,0
Sauk Valley Community College,Race/ethnicity unknown ,Adjusted cohort,10,11,7,12,9,2,9,3,6,0
Sauk Valley Community College,,Completed within 150% of normal time,4,5,1,2,4,2,4,0,3,0
Sauk Valley Community College,Nonresident alien ,Adjusted cohort,0,0,0,0,1,1,0,0,0,0
Sauk Valley Community College,,Completed within 150% of normal time,0,0,0,0,0,1,0,0,0,0
Shawnee Community College,American Indian or Alaska Native ,Adjusted cohort,0,0,0,0,1,1,0,1,1,0
Shawnee Community College,,Completed within 150% of normal time,0,0,0,0,0,0,0,0,0,0
Shawnee Community College,Asian ,Adjusted cohort,0,0,0,0,0,1,0,0,0,0
Shawnee Community College,,Completed within 150% of normal time,0,0,0,0,0,1,0,0,0,0
Shawnee Community College,Black or African American ,Adjusted cohort,25,18,25,11,21,17,20,10,32,22
Shawnee Community College,,Completed within 150% of normal time,4,7,8,1,1,6,4,3,8,3
Shawnee Community College,Hispanic or Latino,Adjusted cohort,10,4,1,1,3,1,3,1,4,5
Shawnee Community College,,Completed within 150% of normal time,6,1,0,0,0,0,0,1,0,1
Shawnee Community College,Native Hawaiian or Other Pacific Islander ,Adjusted cohort,0,0,0,0,0,0,1,1,0,0
Shawnee Community College,,Completed within 150% of normal time,0,0,0,0,0,0,0,0,0,0
Shawnee Community College,White ,Adjusted cohort,142,55,59,54,69,66,65,94,114,107
Shawnee Community College,,Completed within 150% of normal time,76,21,23,20,22,24,19,26,38,32
Shawnee Community College,Two or more races ,Adjusted cohort,0,0,0,0,0,0,0,0,0,0
Shawnee Community College,,Completed within 150% of normal time,0,0,0,0,0,0,0,0,0,0
Shawnee Community College,Race/ethnicity unknown ,Adjusted cohort,0,1,2,1,1,0,0,0,0,0
Shawnee Community College,,Completed within 150% of normal time,0,1,0,1,0,0,0,0,0,0
Shawnee Community College,Nonresident alien ,Adjusted cohort,0,0,0,0,0,0,0,0,0,0
Shawnee Community College,,Completed within 150% of normal time,0,0,0,0,0,0,0,0,0,0
Southeastern Illinois College,American Indian or Alaska Native ,Adjusted cohort,1,0,1,0,0,0,1,2,0,0
Southeastern Illinois College,,Completed within 150% of normal time,0,0,0,0,0,0,0,0,0,0
Southeastern Illinois College,Asian ,Adjusted cohort,1,0,1,2,0,0,2,0,1,0
Southeastern Illinois College,,Completed within 150% of normal time,1,0,1,1,0,0,0,0,0,0
Southeastern Illinois College,Black or African American ,Adjusted cohort,17,16,16,10,6,10,13,12,11,29
Southeastern Illinois College,,Completed within 150% of normal time,1,0,3,3,2,2,1,1,4,13
Southeastern Illinois College,Hispanic or Latino,Adjusted cohort,8,7,5,6,8,6,3,6,4,9
Southeastern Illinois College,,Completed within 150% of normal time,2,1,3,2,2,3,0,2,1,6
Southeastern Illinois College,Native Hawaiian or Other Pacific Islander ,Adjusted cohort,0,0,0,0,0,1,0,0,0,0
Southeastern Illinois College,,Completed within 150% of normal time,0,0,0,0,0,0,0,0,0,0
Southeastern Illinois College,White ,Adjusted cohort,205,208,148,116,131,126,71,86,137,65
Southeastern Illinois College,,Completed within 150% of normal time,86,99,56,46,57,48,24,22,44,18
Southeastern Illinois College,Two or more races ,Adjusted cohort,5,5,2,3,4,0,0,0,0,0
Southeastern Illinois College,,Completed within 150% of normal time,3,2,0,1,0,0,0,0,0,0
Southeastern Illinois College,Race/ethnicity unknown ,Adjusted cohort,2,13,3,2,2,19,10,11,2,0
Southeastern Illinois College,,Completed within 150% of normal time,1,4,0,2,0,3,2,3,1,0
Southeastern Illinois College,Nonresident alien ,Adjusted cohort,4,1,1,2,3,0,0,0,3,0
Southeastern Illinois College,,Completed within 150% of normal time,2,0,1,1,2,0,0,0,0,0
Spoon River College,American Indian or Alaska Native ,Adjusted cohort,2,3,2,1,0,0,0,0,2,0
Spoon River College,,Completed within 150% of normal time,0,1,1,0,0,0,0,0,0,0
Spoon River College,Asian ,Adjusted cohort,0,0,2,2,0,1,2,2,3,3
Spoon River College,,Completed within 150% of normal time,0,0,1,0,0,0,2,1,1,1
Spoon River College,Black or African American ,Adjusted cohort,30,45,34,23,21,20,13,13,30,21
Spoon River College,,Completed within 150% of normal time,5,3,4,3,2,1,2,1,9,4
Spoon River College,Hispanic or Latino,Adjusted cohort,13,13,18,11,3,4,3,4,2,5
Spoon River College,,Completed within 150% of normal time,4,2,6,3,0,1,0,0,0,3
Spoon River College,Native Hawaiian or Other Pacific Islander ,Adjusted cohort,0,0,0,0,0,0,0,0,0,0
Spoon River College,,Completed within 150% of normal time,0,0,0,0,0,0,0,0,0,0
Spoon River College,White ,Adjusted cohort,120,137,237,248,319,253,308,228,360,320
Spoon River College,,Completed within 150% of normal time,54,54,110,109,172,120,116,53,125,96
Spoon River College,Two or more races ,Adjusted cohort,1,3,1,1,2,2,0,1,0,0
Spoon River College,,Completed within 150% of normal time,0,1,0,1,1,1,0,0,0,0
Spoon River College,Race/ethnicity unknown ,Adjusted cohort,0,1,2,0,0,0,0,0,0,0
Spoon River College,,Completed within 150% of normal time,0,0,0,0,0,0,0,0,0,0
Spoon River College,Nonresident alien ,Adjusted cohort,1,0,0,0,0,0,0,1,0,0
Spoon River College,,Completed within 150% of normal time,0,0,0,0,0,0,0,0,0,0
Taylor Business Institute,American Indian or Alaska Native ,Adjusted cohort,0,0,0,0,0,0,0,0,0,0
Taylor Business Institute,,Completed within 150% of normal time,0,0,0,0,0,0,0,0,0,0
Taylor Business Institute,Asian ,Adjusted cohort,0,1,0,0,0,0,0,0,0,2
Taylor Business Institute,,Completed within 150% of normal time,0,1,0,0,0,0,0,0,0,1
Taylor Business Institute,Black or African American ,Adjusted cohort,55,74,132,97,87,204,102,79,173,157
Taylor Business Institute,,Completed within 150% of normal time,7,15,46,18,20,36,25,34,117,98
Taylor Business Institute,Hispanic or Latino,Adjusted cohort,5,8,9,7,7,19,11,11,19,25
Taylor Business Institute,,Completed within 150% of normal time,1,3,6,2,3,4,2,6,10,18
Taylor Business Institute,Native Hawaiian or Other Pacific Islander ,Adjusted cohort,0,0,0,0,0,0,0,0,0,0
Taylor Business Institute,,Completed within 150% of normal time,0,0,0,0,0,0,0,0,0,0
Taylor Business Institute,White ,Adjusted cohort,0,1,0,1,1,5,2,0,5,7
Taylor Business Institute,,Completed within 150% of normal time,0,0,0,1,1,1,2,0,3,5
Taylor Business Institute,Two or more races ,Adjusted cohort,0,0,0,0,0,0,0,0,0,0
Taylor Business Institute,,Completed within 150% of normal time,0,0,0,0,0,0,0,0,0,0
Taylor Business Institute,Race/ethnicity unknown ,Adjusted cohort,0,0,0,0,0,0,0,0,0,0
Taylor Business Institute,,Completed within 150% of normal time,0,0,0,0,0,0,0,0,0,0
Taylor Business Institute,Nonresident alien ,Adjusted cohort,117,113,97,371,280,365,238,166,0,0
Taylor Business Institute,,Completed within 150% of normal time,103,103,78,296,188,212,136,90,0,0
South Suburban College,American Indian or Alaska Native ,Adjusted cohort,0,0,2,2,2,0,0,0,0,5
South Suburban College,,Completed within 150% of normal time,0,0,0,0,0,0,0,0,0,0
South Suburban College,Asian ,Adjusted cohort,3,5,10,9,5,5,1,1,0,1
South Suburban College,,Completed within 150% of normal time,2,1,3,3,2,0,0,1,0,0
South Suburban College,Black or African American ,Adjusted cohort,164,209,252,299,345,109,101,124,114,83
South Suburban College,,Completed within 150% of normal time,12,24,28,36,18,61,27,28,14,15
South Suburban College,Hispanic or Latino,Adjusted cohort,73,84,96,101,57,94,47,20,35,53
South Suburban College,,Completed within 150% of normal time,20,15,23,17,6,14,6,3,6,5
South Suburban College,Native Hawaiian or Other Pacific Islander ,Adjusted cohort,2,2,0,0,0,1,0,3,0,0
South Suburban College,,Completed within 150% of normal time,0,2,0,0,0,0,0,2,0,0
South Suburban College,White ,Adjusted cohort,43,57,51,69,77,77,63,38,43,45
South Suburban College,,Completed within 150% of normal time,15,24,13,16,8,40,5,6,9,14
South Suburban College,Two or more races ,Adjusted cohort,10,7,20,19,11,5,1,2,2,2
South Suburban College,,Completed within 150% of normal time,2,2,3,3,1,1,0,0,0,0
South Suburban College,Race/ethnicity unknown ,Adjusted cohort,2,2,6,4,0,7,7,12,4,6
South Suburban College,,Completed within 150% of normal time,2,1,0,0,0,0,1,3,0,0
South Suburban College,Nonresident alien ,Adjusted cohort,0,0,0,0,0,0,0,0,0,13
South Suburban College,,Completed within 150% of normal time,0,0,0,0,0,0,0,0,0,0
Triton College,American Indian or Alaska Native ,Adjusted cohort,0,1,1,2,1,3,1,3,9,5
Triton College,,Completed within 150% of normal time,0,0,1,0,1,0,0,0,0,0
Triton College,Asian ,Adjusted cohort,16,23,12,15,19,25,46,18,40,61
Triton College,,Completed within 150% of normal time,5,3,4,4,5,2,6,5,11,9
Triton College,Black or African American ,Adjusted cohort,125,95,120,169,137,398,336,326,351,256
Triton College,,Completed within 150% of normal time,18,9,11,11,7,20,22,24,28,23
Triton College,Hispanic or Latino,Adjusted cohort,390,295,328,324,305,467,450,434,396,306
Triton College,,Completed within 150% of normal time,85,72,60,57,38,50,52,60,59,37
Triton College,Native Hawaiian or Other Pacific Islander ,Adjusted cohort,1,2,2,2,1,1,6,3,0,0
Triton College,,Completed within 150% of normal time,0,1,0,0,0,0,2,2,0,0
Triton College,White ,Adjusted cohort,239,172,215,237,206,370,425,410,486,549
Triton College,,Completed within 150% of normal time,59,38,54,61,53,69,66,85,93,101
Triton College,Two or more races ,Adjusted cohort,30,14,20,18,19,48,55,34,14,0
Triton College,,Completed within 150% of normal time,7,1,2,5,0,3,5,2,2,0
Triton College,Race/ethnicity unknown ,Adjusted cohort,11,19,33,31,43,49,54,58,59,0
Triton College,,Completed within 150% of normal time,3,1,7,3,7,7,7,11,8,0
Triton College,Nonresident alien ,Adjusted cohort,4,7,1,5,0,0,0,0,4,0
Triton College,,Completed within 150% of normal time,2,2,0,1,0,0,0,0,1,0
Waubonsee Community College,American Indian or Alaska Native ,Adjusted cohort,2,1,2,1,0,1,1,1,0,2
Waubonsee Community College,,Completed within 150% of normal time,1,0,0,0,0,0,0,0,0,1
Waubonsee Community College,Asian ,Adjusted cohort,17,26,14,13,14,17,24,10,16,21
Waubonsee Community College,,Completed within 150% of normal time,9,12,4,5,2,2,7,2,5,7
Waubonsee Community College,Black or African American ,Adjusted cohort,54,72,70,66,55,71,82,59,77,61
Waubonsee Community College,,Completed within 150% of normal time,7,11,8,6,10,7,8,4,7,8
Waubonsee Community College,Hispanic or Latino,Adjusted cohort,310,336,344,321,302,229,267,167,207,178
Waubonsee Community College,,Completed within 150% of normal time,79,107,89,79,70,30,50,42,37,25
Waubonsee Community College,Native Hawaiian or Other Pacific Islander ,Adjusted cohort,0,0,0,0,1,0,2,0,0,0
Waubonsee Community College,,Completed within 150% of normal time,0,0,0,0,0,0,0,0,0,0
Waubonsee Community College,White ,Adjusted cohort,482,517,557,550,569,535,616,642,643,732
Waubonsee Community College,,Completed within 150% of normal time,201,207,207,196,211,159,181,217,169,193
Waubonsee Community College,Two or more races ,Adjusted cohort,35,42,29,21,21,23,27,0,30,0
Waubonsee Community College,,Completed within 150% of normal time,7,12,10,8,3,5,2,0,6,0
Waubonsee Community College,Race/ethnicity unknown ,Adjusted cohort,8,10,9,12,27,20,34,0,0,0
Waubonsee Community College,,Completed within 150% of normal time,1,6,3,7,5,8,6,0,0,0
Waubonsee Community College,Nonresident alien ,Adjusted cohort,0,0,0,0,0,0,0,0,0,0
Waubonsee Community College,,Completed within 150% of normal time,0,0,0,0,0,0,0,0,0,0
William Rainey Harper College,American Indian or Alaska Native ,Adjusted cohort,1,3,2,0,4,3,1,1,2,3
William Rainey Harper College,,Completed within 150% of normal time,0,0,0,0,1,1,0,0,0,0
William Rainey Harper College,Asian ,Adjusted cohort,176,182,142,103,147,121,97,119,132,184
William Rainey Harper College,,Completed within 150% of normal time,64,63,46,28,37,15,9,24,22,25
William Rainey Harper College,Black or African American ,Adjusted cohort,58,62,70,51,60,53,113,125,113,99
William Rainey Harper College,,Completed within 150% of normal time,8,7,10,9,6,7,6,14,12,12
William Rainey Harper College,Hispanic or Latino,Adjusted cohort,408,396,382,290,327,329,315,283,264,198
William Rainey Harper College,,Completed within 150% of normal time,135,116,109,73,89,81,68,70,45,29
William Rainey Harper College,Native Hawaiian or Other Pacific Islander ,Adjusted cohort,0,4,2,1,6,5,8,9,4,0
William Rainey Harper College,,Completed within 150% of normal time,0,0,0,0,2,3,0,1,0,0
William Rainey Harper College,White ,Adjusted cohort,774,786,743,650,883,761,792,870,961,1026
William Rainey Harper College,,Completed within 150% of normal time,289,308,278,215,276,207,196,222,226,219
William Rainey Harper College,Two or more races ,Adjusted cohort,36,54,54,39,51,62,81,43,28,0
William Rainey Harper College,,Completed within 150% of normal time,14,12,13,12,10,12,16,9,5,0
William Rainey Harper College,Race/ethnicity unknown ,Adjusted cohort,20,13,11,200,25,108,96,88,35,87
William Rainey Harper College,,Completed within 150% of normal time,4,4,3,47,6,53,28,31,3,18
William Rainey Harper College,Nonresident alien ,Adjusted cohort,16,16,2,0,0,0,0,0,1,43
William Rainey Harper College,,Completed within 150% of normal time,3,1,1,0,0,0,0,0,1,8
Worsham College of Mortuary Science,American Indian or Alaska Native ,Adjusted cohort,-,-,-,-,-,-,-,-,-,-
Worsham College of Mortuary Science,,Completed within 150% of normal time,-,-,-,-,-,-,-,-,-,-
Worsham College of Mortuary Science,Asian ,Adjusted cohort,-,-,-,-,-,-,-,-,-,-
Worsham College of Mortuary Science,,Completed within 150% of normal time,-,-,-,-,-,-,-,-,-,-
Worsham College of Mortuary Science,Black or African American ,Adjusted cohort,-,-,-,-,-,-,-,-,-,-
Worsham College of Mortuary Science,,Completed within 150% of normal time,-,-,-,-,-,-,-,-,-,-
Worsham College of Mortuary Science,Hispanic or Latino,Adjusted cohort,-,-,-,-,-,-,-,-,-,-
Worsham College of Mortuary Science,,Completed within 150% of normal time,-,-,-,-,-,-,-,-,-,-
Worsham College of Mortuary Science,Native Hawaiian or Other Pacific Islander ,Adjusted cohort,-,-,-,-,-,-,-,-,-,-
Worsham College of Mortuary Science,,Completed within 150% of normal time,-,-,-,-,-,-,-,-,-,-
Worsham College of Mortuary Science,White ,Adjusted cohort,-,-,-,-,-,-,-,-,-,-
Worsham College of Mortuary Science,,Completed within 150% of normal time,-,-,-,-,-,-,-,-,-,-
Worsham College of Mortuary Science,Two or more races ,Adjusted cohort,-,-,-,-,-,-,-,-,-,-
Worsham College of Mortuary Science,,Completed within 150% of normal time,-,-,-,-,-,-,-,-,-,-
Worsham College of Mortuary Science,Race/ethnicity unknown ,Adjusted cohort,-,-,-,-,-,-,-,-,-,-
Worsham College of Mortuary Science,,Completed within 150% of normal time,-,-,-,-,-,-,-,-,-,-
Worsham College of Mortuary Science,Nonresident alien ,Adjusted cohort,-,-,-,-,-,-,-,-,-,-
Worsham College of Mortuary Science,,Completed within 150% of normal time,-,-,-,-,-,-,-,-,-,-
Heartland Community College,American Indian or Alaska Native ,Adjusted cohort,1,0,2,0,1,1,1,1,0,2
Heartland Community College,,Completed within 150% of normal time,0,0,1,0,0,1,0,0,0,1
Heartland Community College,Asian ,Adjusted cohort,3,4,5,9,4,8,4,13,3,5
Heartland Community College,,Completed within 150% of normal time,0,0,1,4,2,5,2,3,2,0
Heartland Community College,Black or African American ,Adjusted cohort,50,62,35,57,51,47,65,61,34,65
Heartland Community College,,Completed within 150% of normal time,7,9,3,8,6,2,6,1,1,8
Heartland Community College,Hispanic or Latino,Adjusted cohort,43,39,26,26,26,24,26,27,28,23
Heartland Community College,,Completed within 150% of normal time,13,6,8,5,3,5,2,2,8,6
Heartland Community College,Native Hawaiian or Other Pacific Islander ,Adjusted cohort,0,0,0,2,1,0,1,1,0,0
Heartland Community College,,Completed within 150% of normal time,0,0,0,0,0,0,0,1,0,0
Heartland Community College,White ,Adjusted cohort,456,425,270,404,393,427,515,509,258,534
Heartland Community College,,Completed within 150% of normal time,212,173,94,138,108,126,149,134,77,176
Heartland Community College,Two or more races ,Adjusted cohort,31,31,20,31,19,26,32,11,8,0
Heartland Community College,,Completed within 150% of normal time,16,9,10,3,4,2,5,1,3,0
Heartland Community College,Race/ethnicity unknown ,Adjusted cohort,6,23,22,34,7,15,7,8,355,0
Heartland Community College,,Completed within 150% of normal time,2,6,5,7,0,3,1,1,86,0
Heartland Community College,Nonresident alien ,Adjusted cohort,11,6,0,0,1,4,4,2,0,4
Heartland Community College,,Completed within 150% of normal time,5,1,0,0,0,0,0,1,0,0
Frontier Community College,American Indian or Alaska Native ,Adjusted cohort,0,1,0,0,0,0,0,0,0,1
Frontier Community College,,Completed within 150% of normal time,0,0,0,0,0,0,0,0,0,1
Frontier Community College,Asian ,Adjusted cohort,1,0,0,1,0,1,0,0,0,0
Frontier Community College,,Completed within 150% of normal time,1,0,0,0,0,0,0,0,0,0
Frontier Community College,Black or African American ,Adjusted cohort,2,3,3,1,0,1,0,0,1,0
Frontier Community College,,Completed within 150% of normal time,2,0,2,0,0,1,0,0,0,0
Frontier Community College,Hispanic or Latino,Adjusted cohort,7,10,0,0,0,1,2,0,0,0
Frontier Community College,,Completed within 150% of normal time,1,4,0,0,0,1,1,0,0,0
Frontier Community College,Native Hawaiian or Other Pacific Islander ,Adjusted cohort,0,0,0,1,0,0,0,0,0,0
Frontier Community College,,Completed within 150% of normal time,0,0,0,1,0,0,0,0,0,0
Frontier Community College,White ,Adjusted cohort,98,98,75,53,66,70,74,7,31,26
Frontier Community College,,Completed within 150% of normal time,74,67,52,34,44,53,54,4,12,11
Frontier Community College,Two or more races ,Adjusted cohort,2,0,0,1,1,3,2,0,0,0
Frontier Community College,,Completed within 150% of normal time,1,0,0,1,0,3,1,0,0,0
Frontier Community College,Race/ethnicity unknown ,Adjusted cohort,0,0,1,1,0,0,0,0,0,1
Frontier Community College,,Completed within 150% of normal time,0,0,1,0,0,0,0,0,0,1
Frontier Community College,Nonresident alien ,Adjusted cohort,0,0,0,0,0,0,0,0,0,0
Frontier Community College,,Completed within 150% of normal time,0,0,0,0,0,0,0,0,0,0
Lincoln Trail College,American Indian or Alaska Native ,Adjusted cohort,1,2,3,0,1,0,0,0,1,0
Lincoln Trail College,,Completed within 150% of normal time,0,1,2,0,0,0,0,0,1,0
Lincoln Trail College,Asian ,Adjusted cohort,1,2,0,1,2,2,0,1,5,1
Lincoln Trail College,,Completed within 150% of normal time,0,1,0,0,2,1,0,0,3,0
Lincoln Trail College,Black or African American ,Adjusted cohort,14,17,20,5,12,10,7,13,18,22
Lincoln Trail College,,Completed within 150% of normal time,7,7,4,2,6,3,1,2,3,3
Lincoln Trail College,Hispanic or Latino,Adjusted cohort,1,2,7,1,1,1,0,3,0,2
Lincoln Trail College,,Completed within 150% of normal time,0,1,4,0,1,0,0,2,0,1
Lincoln Trail College,Native Hawaiian or Other Pacific Islander ,Adjusted cohort,0,1,0,0,0,0,0,0,0,0
Lincoln Trail College,,Completed within 150% of normal time,0,0,0,0,0,0,0,0,0,0
Lincoln Trail College,White ,Adjusted cohort,134,125,114,145,142,112,141,50,88,51
Lincoln Trail College,,Completed within 150% of normal time,77,77,52,72,78,63,84,26,43,20
Lincoln Trail College,Two or more races ,Adjusted cohort,9,1,0,2,0,2,0,2,2,0
Lincoln Trail College,,Completed within 150% of normal time,3,1,0,0,0,2,0,0,0,0
Lincoln Trail College,Race/ethnicity unknown ,Adjusted cohort,1,0,0,0,0,0,0,0,0,0
Lincoln Trail College,,Completed within 150% of normal time,0,0,0,0,0,0,0,0,0,0
Lincoln Trail College,Nonresident alien ,Adjusted cohort,0,0,4,2,0,0,0,0,0,0
Lincoln Trail College,,Completed within 150% of normal time,0,0,1,0,0,0,0,0,0,0
Wabash Valley College,American Indian or Alaska Native ,Adjusted cohort,0,0,1,0,0,0,2,0,0,0
Wabash Valley College,,Completed within 150% of normal time,0,0,1,0,0,0,1,0,0,0
Wabash Valley College,Asian ,Adjusted cohort,1,0,0,1,1,4,1,1,2,3
Wabash Valley College,,Completed within 150% of normal time,0,0,0,0,0,3,1,1,0,2
Wabash Valley College,Black or African American ,Adjusted cohort,19,12,21,14,16,12,18,13,11,17
Wabash Valley College,,Completed within 150% of normal time,13,3,6,2,7,5,8,5,4,10
Wabash Valley College,Hispanic or Latino,Adjusted cohort,10,1,4,7,10,9,2,7,5,5
Wabash Valley College,,Completed within 150% of normal time,4,0,2,1,6,2,0,0,0,0
Wabash Valley College,Native Hawaiian or Other Pacific Islander ,Adjusted cohort,0,0,1,2,0,0,0,0,0,0
Wabash Valley College,,Completed within 150% of normal time,0,0,1,2,0,0,0,0,0,0
Wabash Valley College,White ,Adjusted cohort,160,154,192,178,228,177,207,60,92,79
Wabash Valley College,,Completed within 150% of normal time,100,85,114,105,132,101,123,30,42,43
Wabash Valley College,Two or more races ,Adjusted cohort,2,3,1,1,2,4,1,0,2,0
Wabash Valley College,,Completed within 150% of normal time,1,1,1,1,0,1,1,0,0,0
Wabash Valley College,Race/ethnicity unknown ,Adjusted cohort,0,0,0,0,0,0,0,0,0,0
Wabash Valley College,,Completed within 150% of normal time,0,0,0,0,0,0,0,0,0,0
Wabash Valley College,Nonresident alien ,Adjusted cohort,0,0,2,0,3,0,0,0,0,0
Wabash Valley College,,Completed within 150% of normal time,0,0,1,0,0,0,0,0,0,0
Illinois Eastern Community College-System Office,American Indian or Alaska Native ,Adjusted cohort,-,-,-,-,-,-,-,-,-,-
Illinois Eastern Community College-System Office,,Completed within 150% of normal time,-,-,-,-,-,-,-,-,-,-
Illinois Eastern Community College-System Office,Asian ,Adjusted cohort,-,-,-,-,-,-,-,-,-,-
Illinois Eastern Community College-System Office,,Completed within 150% of normal time,-,-,-,-,-,-,-,-,-,-
Illinois Eastern Community College-System Office,Black or African American ,Adjusted cohort,-,-,-,-,-,-,-,-,-,-
Illinois Eastern Community College-System Office,,Completed within 150% of normal time,-,-,-,-,-,-,-,-,-,-
Illinois Eastern Community College-System Office,Hispanic or Latino,Adjusted cohort,-,-,-,-,-,-,-,-,-,-
Illinois Eastern Community College-System Office,,Completed within 150% of normal time,-,-,-,-,-,-,-,-,-,-
Illinois Eastern Community College-System Office,Native Hawaiian or Other Pacific Islander ,Adjusted cohort,-,-,-,-,-,-,-,-,-,-
Illinois Eastern Community College-System Office,,Completed within 150% of normal time,-,-,-,-,-,-,-,-,-,-
Illinois Eastern Community College-System Office,White ,Adjusted cohort,-,-,-,-,-,-,-,-,-,-
Illinois Eastern Community College-System Office,,Completed within 150% of normal time,-,-,-,-,-,-,-,-,-,-
Illinois Eastern Community College-System Office,Two or more races ,Adjusted cohort,-,-,-,-,-,-,-,-,-,-
Illinois Eastern Community College-System Office,,Completed within 150% of normal time,-,-,-,-,-,-,-,-,-,-
Illinois Eastern Community College-System Office,Race/ethnicity unknown ,Adjusted cohort,-,-,-,-,-,-,-,-,-,-
Illinois Eastern Community College-System Office,,Completed within 150% of normal time,-,-,-,-,-,-,-,-,-,-
Illinois Eastern Community College-System Office,Nonresident alien ,Adjusted cohort,-,-,-,-,-,-,-,-,-,-
Illinois Eastern Community College-System Office,,Completed within 150% of normal time,-,-,-,-,-,-,-,-,-,-
Midwestern Career College,American Indian or Alaska Native ,Adjusted cohort,0,1,0,0,0,0,0,0,-,0
Midwestern Career College,,Completed within 150% of normal time,0,0,0,0,0,0,0,0,-,0
Midwestern Career College,Asian ,Adjusted cohort,2,4,6,7,7,2,3,38,-,25
Midwestern Career College,,Completed within 150% of normal time,1,4,5,5,4,1,2,34,-,15
Midwestern Career College,Black or African American ,Adjusted cohort,56,51,44,75,82,13,11,100,-,69
Midwestern Career College,,Completed within 150% of normal time,30,29,33,46,35,3,2,93,-,54
Midwestern Career College,Hispanic or Latino,Adjusted cohort,28,33,33,26,15,8,5,40,-,24
Midwestern Career College,,Completed within 150% of normal time,24,26,28,22,11,4,3,32,-,17
Midwestern Career College,Native Hawaiian or Other Pacific Islander ,Adjusted cohort,0,1,0,0,0,0,0,0,-,0
Midwestern Career College,,Completed within 150% of normal time,0,1,0,0,0,0,0,0,-,0
Midwestern Career College,White ,Adjusted cohort,14,9,14,18,15,8,4,46,-,47
Midwestern Career College,,Completed within 150% of normal time,8,8,11,10,12,6,3,35,-,35
Midwestern Career College,Two or more races ,Adjusted cohort,0,3,1,2,3,0,0,0,-,0
Midwestern Career College,,Completed within 150% of normal time,0,0,1,2,2,0,0,0,-,0
Midwestern Career College,Race/ethnicity unknown ,Adjusted cohort,1,9,6,6,60,0,1,26,-,16
Midwestern Career College,,Completed within 150% of normal time,0,1,4,5,29,0,0,16,-,11
Midwestern Career College,Nonresident alien ,Adjusted cohort,3,1,0,0,3,0,0,59,-,0
Midwestern Career College,,Completed within 150% of normal time,1,1,0,0,2,0,0,31,-,0
SAE Institute of Technology-Chicago,American Indian or Alaska Native ,Adjusted cohort,1,0,5,3,-,-,-,-,-,-
SAE Institute of Technology-Chicago,,Completed within 150% of normal time,1,0,3,1,-,-,-,-,-,-
SAE Institute of Technology-Chicago,Asian ,Adjusted cohort,4,2,5,4,-,-,-,-,-,-
SAE Institute of Technology-Chicago,,Completed within 150% of normal time,4,2,0,3,-,-,-,-,-,-
SAE Institute of Technology-Chicago,Black or African American ,Adjusted cohort,118,99,73,69,-,-,-,-,-,-
SAE Institute of Technology-Chicago,,Completed within 150% of normal time,54,37,28,27,-,-,-,-,-,-
SAE Institute of Technology-Chicago,Hispanic or Latino,Adjusted cohort,38,48,25,23,-,-,-,-,-,-
SAE Institute of Technology-Chicago,,Completed within 150% of normal time,23,22,12,9,-,-,-,-,-,-
SAE Institute of Technology-Chicago,Native Hawaiian or Other Pacific Islander ,Adjusted cohort,0,1,3,0,-,-,-,-,-,-
SAE Institute of Technology-Chicago,,Completed within 150% of normal time,0,0,0,0,-,-,-,-,-,-
SAE Institute of Technology-Chicago,White ,Adjusted cohort,40,30,44,40,-,-,-,-,-,-
SAE Institute of Technology-Chicago,,Completed within 150% of normal time,25,11,0,25,-,-,-,-,-,-
SAE Institute of Technology-Chicago,Two or more races ,Adjusted cohort,9,12,2,2,-,-,-,-,-,-
SAE Institute of Technology-Chicago,,Completed within 150% of normal time,4,9,0,0,-,-,-,-,-,-
SAE Institute of Technology-Chicago,Race/ethnicity unknown ,Adjusted cohort,3,0,6,6,-,-,-,-,-,-
SAE Institute of Technology-Chicago,,Completed within 150% of normal time,2,0,3,3,-,-,-,-,-,-
SAE Institute of Technology-Chicago,Nonresident alien ,Adjusted cohort,0,0,1,1,-,-,-,-,-,-
SAE Institute of Technology-Chicago,,Completed within 150% of normal time,0,0,1,1,-,-,-,-,-,-
Stautzenberger College-Rockford Career College,American Indian or Alaska Native ,Adjusted cohort,2,0,-,-,-,-,-,-,-,-
Stautzenberger College-Rockford Career College,,Completed within 150% of normal time,1,0,-,-,-,-,-,-,-,-
Stautzenberger College-Rockford Career College,Asian ,Adjusted cohort,0,0,-,-,-,-,-,-,-,-
Stautzenberger College-Rockford Career College,,Completed within 150% of normal time,0,0,-,-,-,-,-,-,-,-
Stautzenberger College-Rockford Career College,Black or African American ,Adjusted cohort,16,20,-,-,-,-,-,-,-,-
Stautzenberger College-Rockford Career College,,Completed within 150% of normal time,8,14,-,-,-,-,-,-,-,-
Stautzenberger College-Rockford Career College,Hispanic or Latino,Adjusted cohort,18,19,-,-,-,-,-,-,-,-
Stautzenberger College-Rockford Career College,,Completed within 150% of normal time,16,13,-,-,-,-,-,-,-,-
Stautzenberger College-Rockford Career College,Native Hawaiian or Other Pacific Islander ,Adjusted cohort,0,0,-,-,-,-,-,-,-,-
Stautzenberger College-Rockford Career College,,Completed within 150% of normal time,0,0,-,-,-,-,-,-,-,-
Stautzenberger College-Rockford Career College,White ,Adjusted cohort,37,68,-,-,-,-,-,-,-,-
Stautzenberger College-Rockford Career College,,Completed within 150% of normal time,32,55,-,-,-,-,-,-,-,-
Stautzenberger College-Rockford Career College,Two or more races ,Adjusted cohort,1,1,-,-,-,-,-,-,-,-
Stautzenberger College-Rockford Career College,,Completed within 150% of normal time,0,0,-,-,-,-,-,-,-,-
Stautzenberger College-Rockford Career College,Race/ethnicity unknown ,Adjusted cohort,0,0,-,-,-,-,-,-,-,-
Stautzenberger College-Rockford Career College,,Completed within 150% of normal time,0,0,-,-,-,-,-,-,-,-
Stautzenberger College-Rockford Career College,Nonresident alien ,Adjusted cohort,0,0,-,-,-,-,-,-,-,-
Stautzenberger College-Rockford Career College,,Completed within 150% of normal time,0,0,-,-,-,-,-,-,-,-
